source,target,pct,value_idr
GARIBALDI THOHIR,AADI,5.83,5118980868925.0
SARATOGA INVESTAMA SEDAYA TBK PT,AADI,4.38,3843618511975.0
EDWIN SOERYADJAYA,AADI,3.52,3088849795900.0
IR. T. PERMADI RACHMAT,AADI,3.27,2875045150450.0
PERSADA CAPITAL INVESTAMA,AADI,2.83,2487368391750.0
PT ASTRA INTERNATIONAL TBK,AALI,79.68,11579302422000.0
DJS KETENAGAKERJAAN PROGRAM JAMINAN HARI TUA,AALI,2.18,316943715000.0
MAYBANK SECURITIES PTE. LTD.,ABDA,4.91,79298440000.0
DBS BANK LTD.,ABDA,4.51,72800000000.0
DRS LO KHENG HONG,ABMM,5.64,483239264000.0
DBS BANK LTD S/A ALBIZIA ASEAN OPPORTUNITIES FUND,ACES,2.89,187070272200.0
PT. PRUDENTIAL LIFE ASSURANCE,ACES,1.07,69500478600.0
DRS SURONO SUBEKTI,ADES,1.04,100909912500.0
PERUSAHAAN PERSEROAN (PERSERO) PT DANANTARA ASSET MANAGEMENT,ADHI,63.69,1044163780530.0
"PANIN SEKURITAS Tbk, PT",ADHI,2.83,46392307260.0
SALIM LIM,ADHI,1.67,27350665485.0
"BANK DANAMON INDONESIA Tbk, PT - REGISTRAR",ADMF,74.5,7733880000000.0
PT SATYA MULIA GEMA GEMILANG,ADMG,10.42,83503458158.0
DRS LO KHENG HONG,ADMG,1.29,10365528600.0
GARIBALDI THOHIR,ADRO,6.73,5099712391800.0
SARATOGA INVESTAMA SEDAYA TBK PT,ADRO,4.0,3031217928600.0
EDWIN SOERYADJAYA,ADRO,3.58,2713485443520.0
IR. T. PERMADI RACHMAT,ADRO,3.03,2296764764580.0
UOB KAY HIAN PRIVATE LIMITED,AEGS,4.38,1852019400.0
PHILLIP SECURITIES PTE LTD,AEGS,1.46,617580600.0
ANDY TANUJAYA,AEGS,1.09,462210000.0
SARATOGA INVESTAMA SEDAYA TBK PT,AGII,10.0,1103997600000.0
ZICO TRUST (S) LTD,AGII,2.99,329882040000.0
PT ASURANSI CENTRAL ASIA,AHAP,62.58,334231387981.0
ASURANSI SIMAS JIWA,AISA,1.82,20322057960.0
UBS AG SINGAPORE BRANCH,AISA,1.71,19060404000.0
KINGSWOOD UNION CORPORATION,AKKU,1.12,2683795000.0
EMPLOYEES PROVIDENT FUND BOARD,AKRA,3.23,909737500000.0
GOVERNMENT OF NORWAY,AKRA,2.82,795297018500.0
PT TRIMEGAH SEKURITAS INDONESIA TBK,ALTO,9.62,3794983974.0
IRENE THESMAN,ALTO,4.96,1958220108.0
"BANK PAN INDONESIA TBK, PT",AMAG,7.76,170720000000.0
DANA PENSIUN KARYAWAN PANIN BANK,AMAG,4.2,92408594520.0
"PANINVEST TBK, PT",AMAG,3.76,82822925240.0
BANK OF SINGAPORE LIMITED,AMAR,5.91,215157430620.0
DBS VICKERS SECS SINGAPORE (PTE) LTD A/C CLIENTS,AMFG,1.9,26366626000.0
ANDY TANUJAYA,AMFG,1.74,24022614000.0
RUDY SUSANTO,AMIN,3.89,9660000000.0
MAYBANK SECURITIES PTE. LTD.,AMIN,1.1,2737230000.0
JONATHAN CHANG,AMRT,4.81,2955532916000.0
EMPLOYEES PROVIDENT FUND BOARD,AMRT,1.74,1072278056000.0
"SUMBER ALFARIA TRIJAYA, TBK",AMRT,1.04,640350120000.0
REKSA DANA EMCO MANTAP,ANDI,2.39,5816722600.0
REKSA DANA MINNA PADI PRINGGONDANI SAHAM,ANDI,2.32,5641640836.0
PT MINNA PADI INVESTAMA SEKURITAS Tbk,ANDI,2.31,5614809200.0
REKSA DANA MINNA PADI PASOPATI SAHAM,ANDI,1.64,3981671616.0
REKSA DANA SUCORINVEST SHARIA EQUITY FUND,ANDI,1.49,3617424200.0
REKSA DANA EMCO GROWTH FUND,ANDI,1.1,2674261200.0
EMPLOYEES PROVIDENT FUND BOARD,ANTM,1.16,974451100000.0
UOB KAY HIAN (HONG KONG) LTD,APEX,21.75,144243665500.0
DBS BANK LTD.,APEX,1.5,9947839000.0
PT ZED UTAMA PERSADA,APIC,4.15,553841977500.0
PT. ALANA CIPTA SELARAS,APIC,4.04,539316020500.0
PT BARA SEJAHTERA SUKSES,APIC,3.92,523285961500.0
EASTERN PEAK GROUP CORPORATION,APIC,3.83,511450862500.0
"TIRTA CITRA SOLUSI, PT",APIC,3.38,450969209500.0
PT ARIMA KARYA PERSADA,APIC,3.37,449916270000.0
BANQUE PICTET AND CIE SA,APIC,3.29,438731639500.0
PT. MEGAH ANGKASA PERKASA,APIC,2.88,385103598875.0
PT ASKAR PELANGI ABADI,APIC,2.68,358504278000.0
PT.Pacific Indocorpora Indonesia,APIC,1.49,199573251640.0
PT. Victoria Investama Tbk,APIC,1.27,170250000000.0
PHILLIP SECURITIES PTE LTD,APII,3.22,6238926000.0
PT. HOKI INVESTASI SEJATI,APLI,1.13,3497998800.0
DBS BANK LTD.,APLN,1.12,41344911000.0
HONKY HARJO,APLN,1.03,37723903200.0
CGS INTERNATIONAL SEKURITAS INDONESIA,ARCI,2.16,750691150000.0
GOVERNMENT OF NORWAY,ARCI,1.06,366123862500.0
ASURANSI SIMAS JIWA,ARII,3.15,32798940400.0
BANK OF SINGAPORE LIMITED,ARII,2.77,28925232800.0
UBS AG SINGAPORE BRANCH,ARII,2.34,24371148000.0
INTERVENTURES CAPITAL PTE. LTD,ARII,1.59,16608109200.0
REKSA DANA BALANCED FUND SUCORINVEST ANAK PINTAR,ARII,1.37,14299764000.0
HAPSORO,ARKO,2.04,350179375000.0
PT SENTOSA BERSAMA MITRA,ARKO,2.01,346593568750.0
PERUSAHAAN PERSEROAN (PERSERO) PT. ASABRI,ARMY,11.58,52135155600.0
JAKSA AGUNG MUDA BIDANG TINDAK PIDANA KHUSUS KEJAKSAAN REPUBLIK INDONESIA KEJAKSAAN REPUBLIK INDONESIA,ARMY,5.85,26347629750.0
"BANK DANAMON INDONESIA Tbk, PT - REGISTRAR",ARMY,3.0,13521152900.0
REKSA DANA EMCO MANTAP,ARMY,2.96,13339350000.0
REKSA DANA EMCO GROWTH FUND,ARMY,2.73,12275795000.0
PT Yuanta Sekuritas Indonesia,ARMY,2.7,12165725000.0
"CAPITAL LIFE SYARIAH, PT",ARMY,2.0,9000000000.0
YOHANES HALIM,ARMY,1.54,6913725000.0
REKSA DANA SAHAM EMCO PESONA,ARMY,1.34,6026270000.0
PT SEJAHTERA MAHKOTA PERSADA,ARMY,1.1,4940000000.0
FIDELITY FUNDS,ARNA,7.41,274540876500.0
PANGOLIN INV MANAG PTE LTD-PANGOLIN ASIA FUND,ARNA,2.91,107707864500.0
PT. AIA FINANCIAL,ARNA,2.03,75434930500.0
EMPLOYEES PROVIDENT FUND BOARD,ARNA,1.95,72115313000.0
GOVERNMENT OF NORWAY,ARNA,1.49,55133274000.0
"UBS AG, LONDON",ARNA,1.36,50264128640.0
UNITED OVERSEAS BANK NOMINEES (PRIVATE) LIMITED,ARTA,4.48,56000000000.0
UOB KAY HIAN PRIVATE LIMITED,ARTA,1.33,16577400000.0
PT. ASURANSI JIWA IFG,ARTI,4.46,698564000.0
REKSA DANA TREASURE SAHAM MANTAP,ARTI,1.0,157000000.0
DRS SURONO SUBEKTI,ASDM,2.92,6900730500.0
PT ASTRA INTERNATIONAL TBK,ASGR,76.87,1606966499000.0
DJS KETENAGAKERJAAN PROGRAM JAMINAN HARI TUA,ASII,2.74,6933222500000.0
EMPLOYEES PROVIDENT FUND BOARD,ASII,1.28,3246124387500.0
PT ASTRA INTERNATIONAL TBK,ASII,1.04,2623355625000.0
PT MINNA PADI INVESTAMA SEKURITAS Tbk,ASJT,3.55,9479336303.0
PERUSAHAAN PERSEROAN (PERSERO) PT. ASABRI,ASJT,2.01,5372982800.0
REKSA DANA AURORA SMC EQUITY,ASJT,1.53,4093397400.0
SUWANTARA GOTAMA,ASLC,2.49,23819535000.0
"ASURANSI JIWA KRESNA, PT",ASMI,29.96,53684176000.0
ANTONIUS GUNAWAN GHO,ASPI,1.41,3195898400.0
PT MAYBANK SEKURITAS INDONESIA - REGISTRAR,ASRI,6.68,171940683300.0
"PANIN SEKURITAS Tbk, PT",ASRI,3.73,96039008200.0
DRS SURONO SUBEKTI,ASRM,1.18,4309341036.0
IR. T. PERMADI RACHMAT,ASSA,4.8,137309462500.0
SUWANTARA GOTAMA,ASSA,2.56,73363127500.0
GOVERNMENT OF NORWAY,ASSA,1.64,47005997500.0
UBS AG SINGAPORE BRANCH,ASSA,1.45,41497685000.0
TRIPUTRA INVESTINDO ARYA,ASSA,1.25,35767055225.0
VERAH WAHYUDI S WONG,ATAP,1.03,8079375625.0
BARCLAYS CAPITAL SECURITIES LIMITED,ATLA,1.02,3147930000.0
PT ASTRA INTERNATIONAL TBK,AUTO,80.0,10063602339570.0
PT. PRUDENTIAL LIFE ASSURANCE,AUTO,1.09,136819593000.0
UOB KAY HIAN PRIVATE LIMITED,AYLS,1.41,2280000000.0
PT MNC KAPITAL INDONESIA TBK,BABP,48.85,1107635451129.0
PT GLOBAL MEDIACOM TBK,BABP,7.23,163885099983.0
BANK JULIUS BAER & CO. LTD,BACA,24.03,623389323570.0
REKSA DANA CAPITAL EQUITY FUND,BACA,1.98,51473695000.0
"PACIFIC LIFE INSURANCE, PT",BACA,1.84,47723000000.0
PT. ALANA CIPTA SELARAS,BACA,1.52,39365794000.0
REKSA DANA FOSTER EQUITY FUND,BACA,1.46,37828700000.0
INTERVENTURES CAPITAL PTE. LTD,BACA,1.11,28721310800.0
PT TRIMEGAH SEKURITAS INDONESIA TBK,BALI,2.9,157244721000.0
KINGSWOOD UNION CORPORATION,BALI,2.54,138000000000.0
REKSA DANA SUCORINVEST EQUITY PRIMA FUND,BALI,1.9,103081446000.0
CASCADEN INVESTMENT LIMITED,BALI,1.74,94702500000.0
UBS AG HONG KONG,BALI,1.65,89700000000.0
REKSA DANA SUCORINVEST EQUITY FUND,BALI,1.08,58397874000.0
"CAPITAL LIFE SYARIAH, PT",BANK,4.8,379683838000.0
"CAPITAL LIFE INDONESIA, PT",BANK,3.02,238912923000.0
"PACIFIC LIFE INSURANCE, PT",BANK,2.79,220631050000.0
"SUMBER ALFARIA TRIJAYA, TBK",BANK,1.97,155882540000.0
BANK JULIUS BAER & CO. LTD,BANK,1.62,128415449000.0
DBS BANK LTD S/A ALBIZIA ASEAN OPPORTUNITIES FUND,BATA,4.18,3313147900.0
PT. GRAHA SENTOSA PERSADA,BAYU,28.08,138838960400.0
"UNION BANCAIRE PRIVEE, UBP SA SINGAPORE BRANCH",BAYU,10.07,49772591400.0
BANK JULIUS BAER & CO. LTD,BAYU,7.9,39080741000.0
BANK OF SINGAPORE LIMITED,BAYU,6.64,32855060000.0
CA INDOSUEZ (SWITZERLAND) SA,BAYU,4.25,21000000000.0
DBS BANK LTD.,BAYU,2.97,14700000000.0
REKSA DANA BALANCED FUND SUCORINVEST ANAK PINTAR,BAYU,2.73,13494600000.0
REKSA DANA SUCORINVEST MAXI FUND,BAYU,2.54,12571020000.0
BP2S SG/BNP PARIBAS SINGAPORE BRANCH WEALTH MANAGEMENT,BAYU,1.2,5950560000.0
PT DWIMURIA INVESTAMA ANDALAN,BBCA,54.94,436858177500000.0
ANTHONI SALIM,BBCA,1.15,9135179085750.0
UBS AG SINGAPORE BRANCH,BBHI,1.88,545601283500.0
BANK OF SINGAPORE LIMITED,BBLD,5.46,71411034000.0
LGT BANK AG,BBLD,4.29,56192985000.0
PT. GRAHA SENTOSA PERSADA,BBLD,3.23,42213381435.0
"UNION BANCAIRE PRIVEE, UBP SA SINGAPORE BRANCH",BBLD,1.06,13918688280.0
MAYBANK SECURITIES PTE. LTD.,BBMD,2.71,219819600000.0
PERUSAHAAN PERSEROAN (PERSERO) PT DANANTARA ASSET MANAGEMENT,BBNI,59.4,83301310558720.0
DJS KETENAGAKERJAAN PROGRAM JAMINAN HARI TUA,BBNI,3.51,4918109839360.0
PT TASPEN (PERSERO),BBNI,1.29,1814699704000.0
EMPLOYEES PROVIDENT FUND BOARD,BBNI,1.18,1660207718560.0
PERUSAHAAN PERSEROAN (PERSERO) PT DANANTARA ASSET MANAGEMENT,BBRI,52.66,265750207466310.0
EMPLOYEES PROVIDENT FUND BOARD,BBRI,1.14,5739943504140.0
DJS KETENAGAKERJAAN PROGRAM JAMINAN HARI TUA,BBRI,1.09,5497555321620.0
DEUTSCHE BK AG (PRIVATE BANKING) SPORE WM CLIENT,BBRM,1.85,21509000000.0
HSBC LTD-SINGAPORE BRANCH PRIVATE BANKING DIVISION ACCOUNT CLIENTS,BBSI,4.58,793600744720.0
PERUSAHAAN PERSEROAN (PERSERO) PT DANANTARA ASSET MANAGEMENT,BBTN,59.4,10462257277410.0
PT TASPEN (PERSERO),BBTN,4.95,872228158835.0
DJS KETENAGAKERJAAN PROGRAM JAMINAN HARI TUA,BBTN,2.77,488541139040.0
REKSA DANA SUCORINVEST EQUITY FUND,BBTN,1.19,209296350000.0
SARATOGA INVESTAMA SEDAYA TBK PT,BBYB,3.55,133678643526.0
WINATO KARTONO,BBYB,1.71,64426599558.0
Reksa Dana Pan Arcadia Dana Saham Bertumbuh,BBYB,1.55,58381831140.0
MAYBANK SECURITIES PTE. LTD.,BBYB,1.44,54028753368.0
PT. MNC ASIA HOLDING TBK,BCAP,47.25,1027013084460.0
UOB KAY HIAN (HONG KONG) LTD,BCAP,6.53,141903792300.0
TJOMO TJENGUNDORO.TJENG,BCAP,2.76,60081121200.0
LIE EFFENDI HARSONO,BCAP,1.27,27683381400.0
SMART EMPIRE GROUP LTD,BCAP,1.17,25528382469.0
PERUSAHAAN PERSEROAN (PERSERO) PT. ASABRI,BCIP,1.26,1260000000.0
PT ASKAR PELANGI ABADI,BCIP,1.07,1071000000.0
"UBS AG, LONDON",BDMN,1.64,406430736540.0
PT PENDANAAN EFEK INDONESIA,BEBS,5.72,12865823800.0
STANDARD CHARTERED BANK (SINGAPORE) LIMITED,BEBS,3.99,8981362500.0
SAFARI ASIA LIMITED,BEEF,1.7,32844000000.0
REKSA DANA SUCORINVEST EQUITY PRIMA FUND,BEER,4.45,22953447300.0
REKSA DANA SUCORINVEST EQUITY FUND,BEER,3.5,18082342800.0
PT DWIMURIA INVESTAMA ANDALAN,BELI,4.8,2701415453400.0
REKSA DANA SUCORINVEST SHARIA EQUITY FUND,BEST,2.25,22768441500.0
"PANIN SEKURITAS Tbk, PT",BEST,1.51,15325065000.0
DRS LO KHENG HONG,BEST,1.34,13606950000.0
PANGOLIN INV MANAG PTE LTD-PANGOLIN ASIA FUND,BFIN,2.31,246805727000.0
JONATHAN CHANG,BFIN,2.08,222171141000.0
UOB KAY HIAN PRIVATE LIMITED,BGTG,5.79,155490193600.0
PT SATYA MULIA GEMA GEMILANG,BGTG,3.3,88610487616.0
PHILLIP SECURITIES PTE LTD,BGTG,1.8,48375040000.0
"PACIFIC LIFE INSURANCE, PT",BHAT,4.85,340557950000.0
EASTERN PEAK GROUP CORPORATION,BHAT,4.13,290183080000.0
"TIRTA CITRA SOLUSI, PT",BHAT,2.96,207627387500.0
PT. ALANA CIPTA SELARAS,BHAT,2.89,202741078500.0
"CAPITAL LIFE INDONESIA, PT",BHAT,2.4,168642150000.0
PT ZED UTAMA PERSADA,BHAT,2.26,159066794000.0
REKSA DANA SUCORINVEST EQUITY PRIMA FUND,BHAT,1.91,134279222000.0
PT. MEGAH ANGKASA PERKASA,BHAT,1.58,111032373000.0
PT. CAPITAL ASSET MANAGEMENT,BHAT,1.11,77935350000.0
REKSA DANA SUCORINVEST EQUITY FUND,BHAT,1.03,72628665000.0
RELIANCEVER HOLDINGS INC,BHIT,4.21,119706552867.0
UOB KAY HIAN (HONG KONG) LTD,BHIT,2.14,60779343900.0
LIE EFFENDI HARSONO,BHIT,2.06,58575000000.0
PT. MNC ASIA HOLDING TBK,BHIT,1.8,51135659718.0
RUDY SUSANTO,BIKA,4.75,1547331500.0
PT. INDOLIFE PENSIONTAMA,BINA,22.83,6023572663600.0
UOB KAY HIAN PRIVATE LIMITED,BINA,16.86,4447991165000.0
PT ASURANSI JIWA CENTRAL ASIA RAYA,BINA,7.3,1925014110000.0
PT ASURANSI CENTRAL ASIA,BINA,1.29,339565840000.0
CGS INTERNATIONAL SECURITIES SINGAPORE PTE LTD,BIPI,12.71,1457130618000.0
PT BAKRIE CAPITAL INDONESIA,BIPI,6.0,688071564000.0
PT. KB VALBURY SEKURITAS,BIPI,4.94,567000000000.0
PT DANATAMA KAPITAL INVESTAMA,BIPI,3.66,419464728000.0
KINGSWOOD UNION CORPORATION,BIPI,3.62,415107978480.0
INTERVENTURES CAPITAL PTE. LTD,BIPI,3.35,384067620000.0
ASURANSI SIMAS JIWA,BIPI,2.64,302684128560.0
MORGAN STANLEY AND CO INTERNATIONAL PLC,BIPI,1.96,225003780000.0
BARCLAYS CAPITAL SECURITIES LIMITED,BIPI,1.3,148915548000.0
PT. Victoria Investama Tbk,BIPP,11.4,32102952000.0
SUZANNA TANOJO,BIPP,4.42,12453449680.0
PT. BINTANG MITRA SEMESTARAYA TBK,BIPP,2.22,6263600000.0
PT Prolestari Megapersada,BIPP,1.79,5028800000.0
HONKY HARJO,BIRD,1.06,43563219000.0
UBS AG SINGAPORE BRANCH,BISI,5.3,131950910000.0
UNITED OVERSEAS BANK NOMINEES (PRIVATE) LIMITED,BISI,5.09,126727305000.0
CITIBANK HONG KONG S/A PBG CLIENTS SG,BISI,4.92,122425000000.0
DEUTSCHE BK AG (PRIVATE BANKING) SPORE WM CLIENT,BISI,4.88,121429000000.0
LGT BANK AG,BISI,4.65,115667555000.0
UBS AG HONG KONG,BISI,2.07,51559185000.0
UOB KAY HIAN PRIVATE LIMITED,BISI,1.47,36639603000.0
PERUSAHAAN PERSEROAN (PERSERO) PT. ASABRI,BJBR,4.08,347869809000.0
PT. ASURANSI JIWA IFG,BJBR,3.15,268648974000.0
PT TASPEN (PERSERO),BJBR,1.92,163404621000.0
PT TASPEN (PERSERO),BJTM,2.76,236267679000.0
IEVAN DANIAR SUMAMPOW,BKDP,4.58,19274145352.0
ENDANG LESTARI PUJIASTUTI,BKDP,1.91,8033162592.0
PT SAMUEL SEKURITAS INDONESIA,BKSL,5.56,1044877092448.0
GOVERNMENT OF NORWAY,BKSL,1.16,217665616000.0
UOB KAY HIAN PRIVATE LIMITED,BKSW,3.06,62325545866.0
DRS SURONO SUBEKTI,BLOG,1.03,13281608000.0
Resources Fortune LTD,BLTA,3.79,41071698841.0
REKSA DANA PANIN DANA MAKSIMA,BLTA,1.87,20245840500.0
HAIYANTO,BLTA,1.51,16385111300.0
BANK OF SINGAPORE LIMITED,BLTA,1.41,15236877828.0
HAIYANTO,BMBL,4.22,1349045600.0
UNITED OVERSEAS BANK NOMINEES (PRIVATE) LIMITED,BMHS,1.22,19958493000.0
PT DANANTARA ASSET MANAGEMENT (PERSERO),BMRI,51.48,226786560004720.0
DJS KETENAGAKERJAAN PROGRAM JAMINAN HARI TUA,BMRI,1.33,5863376689280.0
EMPLOYEES PROVIDENT FUND BOARD,BMRI,1.26,5546716968000.0
"PANINVEST TBK, PT",BMSR,4.49,15912000000.0
SUZANNA TANOJO,BMSR,3.54,12563595000.0
DANA PENSIUN KARYAWAN PANIN BANK,BMSR,3.2,11367900000.0
PT. Victoria Investama Tbk,BMSR,2.88,10210852800.0
PT Prolestari Megapersada,BMSR,1.88,6674349600.0
PT. MNC ASIA HOLDING TBK,BMTR,34.32,722824856100.0
DRS LO KHENG HONG,BMTR,6.44,135589454500.0
PT MAYBANK SEKURITAS INDONESIA - REGISTRAR,BMTR,4.1,86259250900.0
PT MNC KAPITAL INDONESIA TBK,BMTR,2.03,42781575600.0
PT GLOBAL MEDIACOM TBK,BMTR,1.4,29398658500.0
WIDAYANTI DARMAWAN,BMTR,1.23,25937527500.0
RELIANCEVER HOLDINGS INC,BMTR,1.21,25551369649.0
LGT BANK AG,BMTR,1.12,23558754000.0
UOB KAY HIAN PRIVATE LIMITED,BNBR,8.47,1527244269720.0
DMS INVESTAMA PT,BNBR,3.6,649476534720.0
PT TRIMEGAH SEKURITAS INDONESIA TBK,BNBR,1.71,309264837024.0
PT BIOFUEL INDO SUMATRA,BNBR,1.29,231964075200.0
BANGKOK BANK PUBLIC COMPANY LIMITED,BNLI,89.12,86738586254760.0
BARCLAYS CAPITAL SECURITIES LIMITED,BNLI,4.77,4644079397920.0
DRS SURONO SUBEKTI,BOBA,2.14,3960656000.0
"PACIFIC LIFE INSURANCE, PT",BOGA,4.93,264488364000.0
"CAPITAL LIFE INDONESIA, PT",BOGA,3.7,198528000000.0
"CAPITAL LIFE SYARIAH, PT",BOGA,3.52,188510655000.0
PT ZED UTAMA PERSADA,BOGA,3.18,170438403000.0
PT ARIMA KARYA PERSADA,BOGA,2.85,153105273000.0
PT BARA SEJAHTERA SUKSES,BOGA,2.72,146011563000.0
PT ASKAR PELANGI ABADI,BOGA,2.51,134866500000.0
PT. ALANA CIPTA SELARAS,BOGA,2.49,133676722260.0
REKSA DANA SUCORINVEST EQUITY PRIMA FUND,BOGA,2.33,125005383000.0
EASTERN PEAK GROUP CORPORATION,BOGA,2.1,112800000000.0
PT.Pacific Indocorpora Indonesia,BOGA,2.04,109465350000.0
REKSA DANA SUCORINVEST EQUITY FUND,BOGA,1.87,100168092000.0
PT. CAPITAL ASSET MANAGEMENT,BOGA,1.67,89817000000.0
REKSA DANA CAPITAL EQUITY FUND,BOGA,1.25,66929739000.0
PT ASURANSI CENTRAL ASIA,BOLA,8.88,82082000000.0
PT ASURANSI JIWA CENTRAL ASIA RAYA,BOLA,6.4,59136000000.0
PT. INDOLIFE PENSIONTAMA,BOLA,4.9,45276000000.0
DBS BANK LTD.,BOLA,2.13,19668880000.0
UOB KAY HIAN PRIVATE LIMITED,BOLA,2.09,19273100000.0
MARUARAR SIRAIT,BOLA,1.91,17689133000.0
TERRA KONSUMA INVESTAMA,BOLA,1.11,10299304400.0
UOB KAY HIAN PRIVATE LIMITED,BOLT,5.92,122048168000.0
ZICO TRUST (S) LTD,BOLT,3.95,81400000000.0
REKSA DANA NARADA SAHAM INDONESIA,BOSS,1.6,1118400000.0
"PT. BATAVIA PROSPERINDO INTERNASIONAL, TBK",BPFI,7.78,56189279880.0
UOB KAY HIAN PRIVATE LIMITED,BPFI,4.09,29518614000.0
PT. Victoria Investama Tbk,BPFI,1.04,7489665000.0
PT. BINTANG MITRA SEMESTARAYA TBK,BPFI,1.0,7226334000.0
UOB KAY HIAN PRIVATE LIMITED,BPII,4.94,225501183600.0
"PT. BATAVIA PROSPERINDO INTERNASIONAL, TBK",BPTR,67.4,185793564294.0
PT. Victoria Investama Tbk,BPTR,10.48,28876551600.0
ENDANG LESTARI PUJIASTUTI,BRAM,16.57,335572290000.0
IEVAN DANIAR SUMAMPOW,BRAM,4.86,98388436500.0
EMPLOYEES PROVIDENT FUND BOARD,BRIS,1.25,1213869707000.0
GLAS TRUST (SINGAPORE) LTD.,BRMS,7.61,7872763702030.0
CGS INTERNATIONAL SEKURITAS INDONESIA,BRMS,5.25,5431046657660.0
PETROMINE ENERGY TRADING,BRMS,4.28,4429560704480.0
PT TRIMEGAH SEKURITAS INDONESIA TBK,BRMS,3.91,4043205156000.0
CGS INTERNATIONAL SECURITIES SINGAPORE PTE LTD,BRMS,3.77,3906531216250.0
PT MAYBANK SEKURITAS INDONESIA - REGISTRAR,BRMS,3.24,3350097858040.0
CGS INTERNATIONAL SECURITIES HONG KONG LIMITED,BRMS,1.47,1516721000000.0
MAYBANK SECURITIES PTE. LTD.,BRMS,1.31,1350849816000.0
PT. INDOLIFE PENSIONTAMA,BRMS,1.06,1101850144800.0
BANGKOK BANK PUBLIC COMPANY LIMITED,BRPT,4.99,6388385975790.0
DJS KETENAGAKERJAAN PROGRAM JAMINAN HARI TUA,BSDE,2.7,423375756000.0
GOVERNMENT OF NORWAY,BSDE,1.33,207640892000.0
PT TASPEN (PERSERO),BSDE,1.09,170425034000.0
PT SINAR MAS MULTIARTHA Tbk,BSIM,59.99,10585033972000.0
UBS AG SINGAPORE BRANCH,BSIM,3.03,534498215450.0
PT NUSANTARA INDAH CEMERLANG,BSIM,2.3,405233293850.0
DIAN CIPTAMAS AGUNG PT,BSIM,2.21,390577359180.0
CASCADEN INVESTMENT LIMITED,BSIM,1.73,306036003755.0
SINAR MAS CAKRAWALA,BSIM,1.03,181506000000.0
UOB KAY HIAN PRIVATE LIMITED,BSML,1.86,11689200000.0
DMS INVESTAMA PT,BSML,1.85,11643266000.0
BARCLAYS CAPITAL SECURITIES LIMITED,BSML,1.04,6565468000.0
PERUSAHAAN PERSEROAN (PERSERO) PT. ASABRI,BTEK,9.85,68362908870.0
UBS SWITZERLAND AG,BTEK,3.86,26766073320.0
REKSA DANA EMCO MANTAP,BTEK,2.56,17770701000.0
REKSA DANA POOL ADVISTA KAPITAL OPTIMAL,BTEK,2.07,14364559500.0
Reksa Dana Pan Arcadia Dana Saham Bertumbuh,BTEK,1.93,13363395000.0
REKSA DANA EMCO GROWTH FUND,BTEK,1.85,12808506000.0
REKSA DANA SYARIAH TREASURE SAHAM BERKAH SYARIAH,BTEK,1.25,8656815000.0
PT BIOFUEL INDO SUMATRA,BTEL,8.54,157252500000.0
"UBS AG, LONDON",BTEL,3.51,64678073500.0
JAKSA AGUNG MUDA BIDANG TINDAK PIDANA KHUSUS KEJAKSAAN REPUBLIK INDONESIA KEJAKSAAN REPUBLIK INDONESIA,BTEL,3.36,61771061550.0
PT. ASURANSI JIWA IFG,BTEL,3.15,57942946150.0
PT MINNA PADI INVESTAMA SEKURITAS Tbk,BTEL,2.36,43444875000.0
REKSA DANA OSO FLORES EQUITY FUND,BTEL,1.36,25050000000.0
"UBS AG, LONDON",BTPN,3.76,772000700590.0
BARCLAYS CAPITAL SECURITIES LIMITED,BTPN,1.88,386014089000.0
GOVERNMENT OF NORWAY,BTPS,2.68,219783411000.0
UOB KAY HIAN PRIVATE LIMITED,BUDI,7.73,73725691976.0
MAYBANK SECURITIES PTE. LTD.,BUDI,4.92,46926009200.0
BONHAM NOMINEES PTE LTD,BUDI,4.81,45846519192.0
DBS VICKERS SECS SINGAPORE (PTE) LTD A/C CLIENTS,BUDI,4.63,44165281600.0
CGS INTERNATIONAL SECURITIES SINGAPORE PTE LTD,BUDI,4.53,43183890988.0
PHILLIP SECURITIES PTE LTD,BUDI,4.16,39724870792.0
EMPLOYEES PROVIDENT FUND BOARD,BUKA,2.23,319924373800.0
PT. KB VALBURY SEKURITAS,BULL,6.84,351920000000.0
PT DANATAMA KAPITAL INVESTAMA,BULL,5.37,276135520008.0
INTERVENTURES CAPITAL PTE. LTD,BULL,4.98,255972000000.0
KINGSWOOD UNION CORPORATION,BULL,3.75,193157766000.0
PT DANATAMA MAKMUR SEKURITAS,BULL,1.31,67431887208.0
UBS AG SINGAPORE BRANCH,BULL,1.27,65559409200.0
"UBS AG, LONDON",BULL,1.05,53792171184.0
UBS SWITZERLAND AG,BUMI,5.1,4092925741128.0
GLAS TRUST (SINGAPORE) LTD.,BUMI,2.08,1666794143664.0
PT BAKRIE CAPITAL INDONESIA,BUMI,1.18,948271094712.0
BANK OF SINGAPORE LIMITED,BUMI,1.03,827088019416.0
PT TIRTA ORISA YASA,BUVA,2.88,674334772200.0
FERRY SUDJONO,BUVA,1.2,279541381700.0
PT. Victoria Investama Tbk,BVIC,40.07,767627702400.0
SUZANNA TANOJO,BVIC,6.32,121013121112.0
PT. BINTANG MITRA SEMESTARAYA TBK,BVIC,4.62,88419344000.0
UBS AG HONG KONG,BWPT,3.37,134761986000.0
PT TASPEN (PERSERO),BWPT,2.08,83420902500.0
OCBC SECURITIES PRIVATE LIMITED,CANI,8.1,11137500000.0
BANK JULIUS BAER & CO. LTD,CARE,16.97,2313758453000.0
"CAPITAL LIFE SYARIAH, PT",CARE,4.89,666979636000.0
PT SEJAHTERA MAHKOTA PERSADA,CARE,3.51,478549869640.0
LGT BANK AG,CARE,3.01,410000000000.0
BANK OF SINGAPORE LIMITED,CARE,2.27,309738272000.0
PT ARIMA KARYA PERSADA,CARE,1.99,270920128000.0
MARUARAR SIRAIT,CARS,4.92,69326692000.0
TJOMO TJENGUNDORO.TJENG,CARS,4.14,58328269000.0
MAYBANK SECURITIES PTE. LTD.,CARS,3.31,46729703000.0
TERRA KONSUMA INVESTAMA,CARS,2.89,40711240200.0
PT TRIMEGAH SEKURITAS INDONESIA TBK,CARS,2.11,29775441410.0
EASTERN PEAK GROUP CORPORATION,CASA,2.95,2134328805000.0
PT.Pacific Indocorpora Indonesia,CASA,2.82,2040357389000.0
BANK JULIUS BAER & CO. LTD,CASA,2.21,1599093979000.0
PT SEJAHTERA MAHKOTA PERSADA,CASA,1.87,1358243177760.0
DRS SURONO SUBEKTI,CASS,5.69,212542810000.0
OCBC SECURITIES PRIVATE LIMITED,CASS,2.28,85256626000.0
UOB KAY HIAN PRIVATE LIMITED,CASS,1.61,60045908000.0
UBS AG HONG KONG,CASS,1.04,38919791000.0
CGS INTERNATIONAL SECURITIES SINGAPORE PTE LTD,CBUT,4.9,124796956500.0
UNITED OVERSEAS BANK NOMINEES (PRIVATE) LIMITED,CCSI,1.31,4132364720.0
BANGKOK BANK PUBLIC COMPANY LIMITED,CDIA,1.0,1006250000000.0
DRS SURONO SUBEKTI,CEKA,2.04,27248256000.0
UOB KAY HIAN PRIVATE LIMITED,CENT,4.0,124783859600.0
"BANK PAN INDONESIA TBK, PT",CFIN,51.49,672869454592.0
FIDELITY FUNDS,CFIN,8.23,107505091400.0
HAIYANTO,CFIN,3.99,52206874400.0
UOB KAY HIAN PRIVATE LIMITED,CFIN,2.57,33527569600.0
DRS SURONO SUBEKTI,CFIN,2.56,33403421600.0
"PANIN SEKURITAS Tbk, PT",CFIN,1.78,23218988800.0
DRS LO KHENG HONG,CFIN,1.63,21300680800.0
OCBC SECURITIES PRIVATE LIMITED,CFIN,1.63,21265683200.0
REKSA DANA PANIN DANA MAKSIMA,CFIN,1.51,19761606400.0
MAYBANK SECURITIES PTE. LTD.,CFIN,1.23,16045464800.0
UBS AG SINGAPORE BRANCH,CINT,4.9,9506000000.0
CASCADEN INVESTMENT LIMITED,CINT,3.6,6975599800.0
PHILLIP SECURITIES PTE LTD,CINT,1.93,3734500000.0
BOQUETE GROUP S.A.,CINT,1.03,2005795100.0
UOB KAY HIAN PRIVATE LIMITED,CITA,2.93,480959851000.0
PT BIOFUEL INDO SUMATRA,CLAY,1.74,129598197630.0
DRS SURONO SUBEKTI,CLEO,1.22,116502560000.0
NITA WULANSARI NUGROHO,CLPI,2.02,9687350000.0
BP2S SG/BNP PARIBAS SINGAPORE BRANCH WEALTH MANAGEMENT,CMNP,59.35,5603955146340.0
ENDANG LESTARI PUJIASTUTI,CMNP,3.59,338603392500.0
IEVAN DANIAR SUMAMPOW,CMNP,2.5,235577865000.0
UBS AG SINGAPORE BRANCH,CMNT,1.73,222052275000.0
PT DANATAMA MAKMUR SEKURITAS,CMPP,3.74,34400000000.0
PT. PRUDENTIAL LIFE ASSURANCE,CMRY,1.04,357190680000.0
DBS BANK LTD.,COCO,5.24,60803773944.0
MARUARAR SIRAIT,COCO,3.31,38438823000.0
PT TRIMEGAH SEKURITAS INDONESIA TBK,COCO,2.25,26080032600.0
REKSA DANA EMCO MANTAP,COWL,1.58,3837920000.0
UBS AG SINGAPORE BRANCH,CPIN,5.98,4021141420000.0
DBS BANK LTD.,CPIN,4.39,2949627330000.0
UNITED OVERSEAS BANK NOMINEES (PRIVATE) LIMITED,CPIN,4.29,2886962930000.0
BONHAM NOMINEES PTE LTD,CPIN,3.13,2103150514000.0
UOB KAY HIAN PRIVATE LIMITED,CPIN,2.39,1609567422000.0
DJS KETENAGAKERJAAN PROGRAM JAMINAN PENSIUN,CPIN,1.61,1081394270000.0
UOB KAY HIAN PRIVATE LIMITED,CPRI,4.87,5929550000.0
REKSA DANA EMCO MANTAP,CPRI,1.53,1855960000.0
UOB KAY HIAN PRIVATE LIMITED,CPRO,4.87,153906700000.0
DBS BANK LTD.,CPRO,4.86,153385445000.0
CGS INTERNATIONAL SECURITIES SINGAPORE PTE LTD,CPRO,4.67,147595645500.0
UBS AG SINGAPORE BRANCH,CPRO,4.23,133656650800.0
UOB KAY HIAN (HONG KONG) LTD,CPRO,4.07,128551500000.0
CITIBANK HONG KONG S/A PBG CLIENTS SG,CPRO,3.08,97096000000.0
ANTONIUS GUNAWAN GHO,CRSN,1.03,3121765500.0
DBS BANK LTD S/A ALBIZIA ASEAN OPPORTUNITIES FUND,CSAP,10.0,163680843744.0
REKSA DANA SUCORINVEST EQUITY PRIMA FUND,CSMI,4.91,3284936400.0
REKSA DANA SUCORINVEST SHARIA EQUITY FUND,CSMI,2.48,1659753800.0
REKSA DANA BALANCED FUND SUCORINVEST ANAK PINTAR,CSMI,1.91,1278626000.0
FIDELITY FUNDS,CTRA,3.62,476314434000.0
GOVERNMENT OF NORWAY,CTRA,2.05,270252409870.0
DJS KETENAGAKERJAAN PROGRAM JAMINAN HARI TUA,CTRA,1.51,198757045000.0
UOB KAY HIAN PRIVATE LIMITED,CTTH,9.4,8217209708.0
HSBC LTD-SINGAPORE BRANCH PRIVATE BANKING DIVISION ACCOUNT CLIENTS,CUAN,1.09,1303922960000.0
STANDARD CHARTERED BANK (SINGAPORE) LIMITED,CUAN,1.02,1209656100000.0
UBS SWITZERLAND AG,CYBR,8.4,732904861000.0
UOB KAY HIAN PRIVATE LIMITED,DADA,1.08,4000000000.0
IRENE THESMAN,DART,1.38,5994457800.0
LGT BANK AG,DART,1.36,5885987040.0
VERAH WAHYUDI S WONG,DATA,40.09,1659416612000.0
DJONI,DATA,5.45,225750000000.0
"UNION BANCAIRE PRIVEE, UBP SA SINGAPORE BRANCH",DAYA,4.0,92431585000.0
UOB KAY HIAN PRIVATE LIMITED,DAYA,2.89,66850000000.0
ANTHONI SALIM,DCII,11.12,55584142608225.0
"ASURANSI JIWA KRESNA, PT",DEFI,23.57,11340667800.0
PT KARYA KARUNIA PERSADA,DEFI,2.2,1060112900.0
DBS BANK LTD S/A ALBIZIA ASEAN OPPORTUNITIES FUND,DEPO,2.31,33873897600.0
CGS INTERNATIONAL SECURITIES HONG KONG LIMITED,DEWA,6.38,1131705667200.0
Zurich Assets International Ltd,DEWA,6.18,1095745778040.0
CGS INTERNATIONAL SEKURITAS INDONESIA,DEWA,4.79,849999612220.0
PETROMINE ENERGY TRADING,DEWA,4.46,790929724000.0
PT. KB VALBURY SEKURITAS,DEWA,1.04,183651353200.0
REKSA DANA NARADA SAHAM INDONESIA,DFAM,7.05,12733116000.0
REKSA DANA NARADA SAHAM INDONESIA II,DFAM,3.99,7205617000.0
REKSA DANA NARADA CAMPURAN I,DFAM,1.59,2869332500.0
OCBC SECURITIES PRIVATE LIMITED,DGIK,9.69,67119775000.0
HARTARTO CIPUTRA,DGNS,1.05,3962058800.0
PT MAYBANK SEKURITAS INDONESIA - REGISTRAR,DGWG,12.53,269684538000.0
CGS INTERNATIONAL SECURITIES SINGAPORE PTE LTD,DILD,15.02,191498712300.0
CGS INTERNATIONAL SEKURITAS INDONESIA,DILD,14.52,185146049259.0
DRS LO KHENG HONG,DILD,6.79,86608986300.0
"PANIN SEKURITAS Tbk, PT",DILD,3.58,45633824100.0
UOB KAY HIAN PRIVATE LIMITED,DILD,1.76,22430480982.0
"ASURANSI JIWA KRESNA, PT",DIVA,31.84,58672425000.0
PT SOTERIA WICAKSANA INVESTAMA,DIVA,15.17,27963562200.0
UBS AG SINGAPORE BRANCH,DKFT,1.43,56567910000.0
BANK OF SINGAPORE LIMITED,DKFT,1.17,46051740000.0
REKSA DANA PANIN DANA MAKSIMA,DLTA,1.41,21779450000.0
PT TASPEN (PERSERO),DMAS,1.77,111864489400.0
BANK OF SINGAPORE LIMITED,DMMX,13.89,208309569000.0
PT SOTERIA WICAKSANA INVESTAMA,DMMX,10.25,153717544500.0
ANTHONI SALIM,DNET,25.3,33012157811600.0
PT. INDOLIFE PENSIONTAMA,DNET,2.56,3336679000000.0
UBS AG SINGAPORE BRANCH,DOID,4.38,86429126670.0
PT TRIMEGAH SEKURITAS INDONESIA TBK,DOID,3.52,69551640000.0
DBS BANK LTD.,DOID,3.23,63786397800.0
MANOJ PITAMBER NANWANI,DOID,3.13,61739193600.0
CA INDOSUEZ (SWITZERLAND) SA,DOID,2.23,43998804000.0
PINKY NK,DOID,1.01,19862594400.0
UBS AG SINGAPORE BRANCH,DOSS,4.83,12668212000.0
BANK JULIUS BAER & CO. LTD,DPNS,6.81,6986873930.0
"GADING DANALESTARI, PT",DPNS,4.83,4960000000.0
HSBC LTD-SINGAPORE BRANCH PRIVATE BANKING DIVISION ACCOUNT CLIENTS,DPNS,4.68,4805000000.0
LIE EFFENDI HARSONO,DPNS,2.26,2320018920.0
ANDY TANUJAYA,DPNS,1.6,1638040000.0
Reksa Dana Pan Arcadia Dana Saham Bertumbuh,DPUM,4.54,19715280000.0
PERUSAHAAN PERSEROAN (PERSERO) PT. ASABRI,DPUM,1.28,5547233120.0
TRIPUTRA INVESTINDO ARYA,DRMA,14.16,646505000000.0
FIDELITY FUNDS,DRMA,4.2,191587222000.0
EMPLOYEES PROVIDENT FUND BOARD,DRMA,2.02,92170564000.0
TRIPUTRA INVESTINDO ARYA,DSNG,28.33,5074141076290.0
UOB KAY HIAN PRIVATE LIMITED,DSNG,4.69,840750833000.0
IR. T. PERMADI RACHMAT,DSNG,2.37,424414601000.0
PERSADA CAPITAL INVESTAMA,DSNG,1.77,316288984050.0
MAYBANK SECURITIES PTE. LTD.,DSNG,1.15,206044800000.0
UOB KAY HIAN PRIVATE LIMITED,DSSA,3.74,19025424000000.0
CITIBANK HONG KONG S/A CITIBANK HK SA PBG CLIENTS HK,DSSA,3.38,17173444200000.0
FIDELITY FUNDS,DUCK,9.88,22322766400.0
HAIYANTO,DUCK,4.88,11013112000.0
CITIBANK NEW YORK S/A RAINBOW FUND LP,DUCK,4.88,11021120000.0
CA INDOSUEZ (SWITZERLAND) SA,DUCK,2.12,4781180800.0
CGS INTERNATIONAL SECURITIES SINGAPORE PTE LTD,DUCK,2.01,4533003200.0
DIAN CIPTAMAS AGUNG PT,DWGL,9.72,224752845000.0
ASURANSI SIMAS JIWA,DWGL,8.28,191535741500.0
PT NUSANTARA INDAH CEMERLANG,DWGL,4.69,108500000000.0
PT YULIE SEKURITAS INDONESIA TBK,DYAN,6.97,23513662700.0
REKSA DANA PANIN DANA MAKSIMA,DYAN,1.22,4125806600.0
UOB KAY HIAN PRIVATE LIMITED,ECII,29.78,76286842560.0
UOB KAY HIAN (HONG KONG) LTD,EDGE,7.5,725776010000.0
DRS SURONO SUBEKTI,EKAD,3.88,24271648200.0
OCBC SECURITIES PRIVATE LIMITED,EKAD,2.92,18291808625.0
BANK OF SINGAPORE LIMITED,ELPI,2.45,351397161000.0
HAIYANTO,ELSA,5.97,324397436000.0
"PANIN SEKURITAS Tbk, PT",ELSA,1.12,61067650000.0
"UBS AG, LONDON",ELSA,1.03,56219424675.0
ASURANSI SIMAS JIWA,ELTY,5.35,93163825960.0
INTERVENTURES CAPITAL PTE. LTD,ELTY,5.12,89105800000.0
BANK OF SINGAPORE LIMITED,ELTY,3.47,60406272000.0
PETROMINE ENERGY TRADING,ELTY,2.61,45436960000.0
DJONI,ELTY,2.59,45063548000.0
REKSA DANA TF SUPER MAXXI,ELTY,2.4,41812840000.0
REKSA DANA OSO FLORES EQUITY FUND,ELTY,1.36,23709176000.0
"Tesco International Capital, PT",ELTY,1.32,22991004000.0
HAIYANTO,ELTY,1.22,21256500000.0
KINGSWOOD UNION CORPORATION,ELTY,1.14,19808551840.0
PT NUSANTARA INDAH CEMERLANG,EMAS,3.75,4525396320000.0
WINATO KARTONO,EMAS,3.73,4499937099400.0
MORGAN STANLEY AND CO INTERNATIONAL PLC,EMAS,1.49,1805253878400.0
STANDARD CHARTERED BANK (SINGAPORE) LIMITED,EMAS,1.16,1397296400000.0
DBS BANK LTD.,EMDE,6.9,17336025000.0
REKSA DANA SUCORINVEST EQUITY PRIMA FUND,EMDE,1.03,2590612500.0
ANTHONI SALIM,EMTK,8.97,4215381198300.0
STANDARD CHARTERED BANK (SINGAPORE) LIMITED,EMTK,1.61,756527625000.0
DEUTSCHE BK AG (PRIVATE BANKING) SPORE WM CLIENT,EMTK,1.01,475766899740.0
BANK OF SINGAPORE LIMITED,ENAK,4.05,30325446800.0
PT TRIMEGAH SEKURITAS INDONESIA TBK,ENRG,11.74,4717354513550.0
CGS INTERNATIONAL SEKURITAS INDONESIA,ENRG,7.59,3050045899450.0
PT MAYBANK SEKURITAS INDONESIA - REGISTRAR,ENRG,6.97,2799060487500.0
PT BAKRIE CAPITAL INDONESIA,ENRG,4.7,1889252040425.0
CGS INTERNATIONAL SECURITIES HONG KONG LIMITED,ENRG,3.04,1223013552500.0
"PANIN SEKURITAS Tbk, PT",ENRG,2.01,806620108975.0
PETROMINE ENERGY TRADING,ENRG,1.38,553509798625.0
PT. KB VALBURY SEKURITAS,ENRG,1.33,532987690625.0
UOB KAY HIAN PRIVATE LIMITED,ENVY,2.24,2013500000.0
DBS BANK LTD.,ENVY,1.15,1035870000.0
SALIM LIM,EPAC,2.13,2958727800.0
CITIBANK NEW YORK S/A RAINBOW FUND LP,EPMT,2.27,142499258080.0
HSBC LTD-SINGAPORE BRANCH PRIVATE BANKING DIVISION ACCOUNT CLIENTS,ERAA,3.3,199206000000.0
DJS KETENAGAKERJAAN PROGRAM JAMINAN HARI TUA,ERAA,2.6,156663045000.0
DBS BANK LTD S/A ALBIZIA ASEAN OPPORTUNITIES FUND,ERAA,2.42,146165720400.0
GOVERNMENT OF NORWAY,ERAA,2.31,139331707200.0
DJS KETENAGAKERJAAN PROGRAM JAMINAN PENSIUN,ERAA,2.25,135590565600.0
PT. PRUDENTIAL LIFE ASSURANCE,ERAA,1.1,66056218200.0
RUDY SUSANTO,ERAL,1.16,18075030000.0
REKSA DANA SUCORINVEST SHARIA EQUITY FUND,ERAL,1.13,17637720000.0
GARIBALDI THOHIR,ESSA,14.55,1779158210140.0
IR. T. PERMADI RACHMAT,ESSA,5.37,657353042760.0
JONATHAN CHANG,ESSA,4.44,543097541650.0
BANK OF SINGAPORE LIMITED,ESSA,4.11,502867085000.0
BANK JULIUS BAER & CO. LTD,ESSA,3.62,443259564660.0
PT TRIMEGAH SEKURITAS INDONESIA TBK,ESSA,1.99,242820028400.0
TERRA KONSUMA INVESTAMA,ESSA,1.29,157871766000.0
GOVERNMENT OF NORWAY,ESSA,1.14,139747454000.0
PT. AIA FINANCIAL,ESSA,1.08,131505561000.0
JPMORGAN CHASE BANK NA SINGAPORE BRANCH,ESTA,20.17,102721638390.0
BANK OF SINGAPORE LIMITED,ETWA,1.19,3879092000.0
PT DANATAMA KAPITAL INVESTAMA,EURO,5.06,316215130000.0
PT DANATAMA MAKMUR SEKURITAS,EURO,4.9,306250000000.0
Zurich Assets International Ltd,EURO,3.67,229301625000.0
"Tesco International Capital, PT",EURO,1.21,75497975000.0
UOB KAY HIAN PRIVATE LIMITED,EXCL,5.44,2918048190100.0
CITIBANK HONG KONG S/A CITIBANK HK SA PBG CLIENTS HK,EXCL,2.65,1425336455000.0
CGS INTERNATIONAL SECURITIES SINGAPORE PTE LTD,EXCL,2.5,1343757845300.0
PT ASURANSI CENTRAL ASIA,FAST,4.18,53723931248.0
FIDELITY FUNDS,FAST,2.99,38441956000.0
PT. INDOLIFE PENSIONTAMA,FAST,2.36,30349938320.0
PT SAMUEL SEKURITAS INDONESIA,FILM,11.29,3772144305000.0
MORGAN STANLEY AND CO INTERNATIONAL PLC,FILM,10.46,3497222394230.0
PERUSAHAAN PERSEROAN (PERSERO) PT. ASABRI,FIRE,23.6,44908621650.0
Reksa Dana Pan Arcadia Dana Saham Bertumbuh,FIRE,1.18,2244600000.0
REKSA DANA SYARIAH TREASURE SAHAM BERKAH SYARIAH,FIRE,1.15,2195451000.0
REKSA DANA SYARIAH AURORA SHARIA EQUITY,FIRE,1.15,2187775500.0
SUWANTARA GOTAMA,FMII,4.85,69508033056.0
DJONI,FOLK,5.14,71059024400.0
FERRY SUDJONO,FORE,4.32,258298132000.0
CGS INTERNATIONAL SECURITIES SINGAPORE PTE LTD,FORE,2.98,178191190000.0
UOB KAY HIAN PRIVATE LIMITED,FORE,2.98,178191190000.0
BOOM SECURITIES (H.K.) LIMITED,FUJI,3.73,18728449800.0
YOHANES HALIM,FUJI,1.11,5587272800.0
PT. MEGAH ANGKASA PERKASA,GAMA,4.94,8910000000.0
REKSA DANA GEMILANG DANA SAHAM INDONESIA,GAMA,4.93,8881893000.0
PT. ALANA CIPTA SELARAS,GAMA,4.92,8874000000.0
PT ZED UTAMA PERSADA,GAMA,4.91,8856000000.0
PT BARA SEJAHTERA SUKSES,GAMA,4.91,8856000000.0
PT ARIMA KARYA PERSADA,GAMA,4.9,8838000000.0
PT ASKAR PELANGI ABADI,GAMA,4.89,8820000000.0
PT.Pacific Indocorpora Indonesia,GAMA,4.85,8732568600.0
REKSA DANA FOSTER EQUITY FUND,GAMA,2.42,4352418000.0
CACEIS BANK/NON TREATY UCITS CLIENTS,GDYR,2.59,11794749000.0
NITA WULANSARI NUGROHO,GEMA,1.85,2578227600.0
DIAN CIPTAMAS AGUNG PT,GEMS,4.72,2424338097500.0
SINAR MAS CAKRAWALA,GEMS,1.79,917564625000.0
PT NUSANTARA INDAH CEMERLANG,GEMS,1.49,764020138050.0
BANK OF SINGAPORE LIMITED,GGRP,3.0,104699952000.0
HSBC LTD-SINGAPORE BRANCH PRIVATE BANKING DIVISION ACCOUNT CLIENTS,GGRP,1.35,46937376000.0
PT DANANTARA ASSET MANAGEMENT (PERSERO),GIAA,91.11,25592276223171.0
DRS LO KHENG HONG,GJTL,6.26,235475424000.0
CACEIS BANK/NON TREATY UCITS CLIENTS,GJTL,1.15,43329600000.0
UOB KAY HIAN PRIVATE LIMITED,GLOB,4.15,7146275000.0
UBS AG SINGAPORE BRANCH,GLOB,1.62,2782327500.0
PHILLIP SECURITIES PTE LTD,GLVA,4.88,24139500000.0
UOB KAY HIAN PRIVATE LIMITED,GLVA,4.69,23199000000.0
MAYBANK SECURITIES PTE. LTD.,GLVA,4.0,19800000000.0
LGT BANK AG,GLVA,3.33,16500000000.0
OCBC SECURITIES PRIVATE LIMITED,GLVA,2.73,13530000000.0
"KHARISMA BUANA NUSANTARA, PT",GMTD,1.38,20527374000.0
PT TRIMEGAH SEKURITAS INDONESIA TBK,GOLD,8.04,27718180290.0
UBS AG HONG KONG,GOTO,2.68,1629691753464.0
PT ASTRA INTERNATIONAL TBK,GOTO,1.56,944840681268.0
MORGAN STANLEY AND CO INTERNATIONAL PLC,GOTO,1.22,738261931548.0
CGS INTERNATIONAL SECURITIES SINGAPORE PTE LTD,GOTO,1.09,663711793893.0
"UNION BANCAIRE PRIVEE, UBP SA SINGAPORE BRANCH",GPSO,1.12,2310000000.0
PT SATYA MULIA GEMA GEMILANG,GSMF,4.99,73130000000.0
VERAH WAHYUDI S WONG,GULA,4.99,17411986000.0
REKSA DANA SUCORINVEST MAXI FUND,GULA,1.71,5965800000.0
DRS SURONO SUBEKTI,GUNA,1.74,9462508000.0
DANA PENSIUN KARYAWAN PANIN BANK,GWSA,4.71,52149500000.0
"PANINVEST TBK, PT",GWSA,2.11,23394500000.0
DANA PENSIUN KARYAWAN PANIN BANK,HADE,9.57,4461600000.0
Reksa Dana Syariah Pan Arcadia Ekuitas Syariah Progresif,HADE,1.6,747684608.0
REKSA DANA AURORA SMC EQUITY,HADE,1.32,613580000.0
Zurich Assets International Ltd,HALO,1.03,4213636700.0
DBS BANK LTD.,HDFA,3.29,20640000000.0
PT ASTRA INTERNATIONAL TBK,HEAL,7.23,1460733560000.0
PT DWIMURIA INVESTAMA ANDALAN,HEAL,3.64,735328669500.0
UOB KAY HIAN PRIVATE LIMITED,HELI,10.18,16110784000.0
JPMCB NA AIF CLT RE-THE SCOTTISH ORIENTAL SMALLER COMPANIES TRUST PLC,HERO,2.37,40050206700.0
DBS VICKERS SECS SINGAPORE (PTE) LTD A/C CLIENTS,HEXA,1.96,71929972000.0
CGS INTERNATIONAL SEKURITAS INDONESIA,HILL,17.45,64322347500.0
MORGAN STANLEY AND CO INTERNATIONAL PLC,HILL,1.47,5419150000.0
JAKSA AGUNG MUDA BIDANG TINDAK PIDANA KHUSUS KEJAKSAAN REPUBLIK INDONESIA KEJAKSAAN REPUBLIK INDONESIA,HKMU,2.84,4569935000.0
SUKARTO BUJUNG,HOKI,5.97,37536910710.0
JAKSA AGUNG MUDA BIDANG TINDAK PIDANA KHUSUS KEJAKSAAN REPUBLIK INDONESIA KEJAKSAAN REPUBLIK INDONESIA,HOME,24.67,273994754700.0
PT Yuanta Sekuritas Indonesia,HOME,9.57,106313985000.0
REKSA DANA EMCO MANTAP,HOME,4.1,45537840000.0
REKSA DANA EMCO GROWTH FUND,HOME,3.6,40022500000.0
"BANK DANAMON INDONESIA Tbk, PT - REGISTRAR",HOME,2.36,26163406300.0
PT MINNA PADI INVESTAMA SEKURITAS Tbk,HOME,1.73,19194580000.0
REKSA DANA SAHAM EMCO PESONA,HOME,1.67,18586500000.0
PERUSAHAAN PERSEROAN (PERSERO) PT. ASABRI,HOME,1.4,15526975600.0
IRENE THESMAN,HOTL,11.24,19957400000.0
REKSA DANA AURORA SMC EQUITY,HOTL,1.41,2500000000.0
REKSA DANA TREASURE SAHAM MANTAP,HRTA,3.42,343023000000.0
HONKY HARJO,HRTA,3.08,309073424000.0
PT. PRUDENTIAL LIFE ASSURANCE,HRTA,1.23,123612758000.0
DJS KETENAGAKERJAAN PROGRAM JAMINAN PENSIUN,HRUM,1.39,192160350000.0
DJS KETENAGAKERJAAN PROGRAM JAMINAN HARI TUA,HRUM,1.08,149449584000.0
REKSA DANA SUCORINVEST EQUITY PRIMA FUND,HYGN,2.54,9420465600.0
KOKARJADI CHANDRA,HYGN,2.5,9280653900.0
BANK OF SINGAPORE LIMITED,HYGN,1.88,6982500000.0
PT. MNC ASIA HOLDING TBK,IATA,10.23,240019317450.0
SAFARI ASIA LIMITED,IBOS,4.96,44400000000.0
HARTARTO CIPUTRA,IBOS,1.17,10444367400.0
DJS KETENAGAKERJAAN PROGRAM JAMINAN HARI TUA,ICBP,1.86,1598040307500.0
EMPLOYEES PROVIDENT FUND BOARD,ICBP,1.23,1050836115000.0
FIDELITY FUNDS,ICBP,1.2,1028736870000.0
PERUSAHAAN PERSEROAN (PERSERO) PT. ASABRI,ICON,5.02,5904292608.0
CGS INTERNATIONAL SECURITIES SINGAPORE PTE LTD,IDEA,2.92,2573008300.0
OCBC SECURITIES PRIVATE LIMITED,IDEA,1.71,1507711600.0
REKSA DANA PANIN DANA MAKSIMA,IDPR,1.27,7657028800.0
DRS SURONO SUBEKTI,IGAR,3.48,15181000000.0
PERUSAHAAN PERSEROAN (PERSERO) PT. ASABRI,IIKP,15.22,255683478750.0
JAKSA AGUNG MUDA BIDANG TINDAK PIDANA KHUSUS KEJAKSAAN REPUBLIK INDONESIA KEJAKSAAN REPUBLIK INDONESIA,IIKP,9.84,165345373000.0
PT. ASURANSI JIWA IFG,IIKP,9.51,159756687500.0
PT SINAR MAS MULTIARTHA Tbk,IIKP,4.1,68957307000.0
REKSA DANA SYARIAH AURORA SHARIA EQUITY,IIKP,3.63,61052950000.0
REKSA DANA POOL ADVISTA KAPITAL OPTIMAL,IIKP,2.87,48158600000.0
Reksa Dana Pan Arcadia Dana Saham Bertumbuh,IIKP,2.49,41814100000.0
Reksa Dana Syariah Pan Arcadia Ekuitas Syariah Progresif,IIKP,1.71,28703154500.0
REKSA DANA SYARIAH TREASURE SAHAM BERKAH SYARIAH,IIKP,1.17,19651250000.0
ASURANSI SIMAS JIWA,IKAI,1.36,3801000000.0
REKSA DANA SUCORINVEST SHARIA EQUITY FUND,IKPM,2.16,7636356000.0
REKSA DANA SUCORINVEST EQUITY PRIMA FUND,IKPM,1.88,6649986000.0
REKSA DANA SUCORINVEST EQUITY FUND,IKPM,1.29,4567521000.0
PT TRIMEGAH SEKURITAS INDONESIA TBK,IMAS,15.22,568480000000.0
PT. INDOLIFE PENSIONTAMA,IMAS,2.62,98011763960.0
PT TRIMEGAH SEKURITAS INDONESIA TBK,IMPC,3.2,3294618750000.0
PERUSAHAAN PERSEROAN (PERSERO) PT. ASABRI,INAF,13.74,53664357600.0
HAIYANTO,INAI,8.96,10785369000.0
SIAUW YUNUS SUBANDI,INAI,1.52,1829548000.0
NITA WULANSARI NUGROHO,INAI,1.39,1677700000.0
HARTARTO CIPUTRA,INCF,5.89,4658621000.0
ANDY TANUJAYA,INCI,5.0,7317054000.0
DRS SURONO SUBEKTI,INCI,1.74,2554588650.0
DJS KETENAGAKERJAAN PROGRAM JAMINAN HARI TUA,INCO,2.25,1269274836550.0
EMPLOYEES PROVIDENT FUND BOARD,INCO,1.76,991715055000.0
GOVERNMENT OF NORWAY,INCO,1.09,615902614400.0
DJS KETENAGAKERJAAN PROGRAM JAMINAN HARI TUA,INDF,3.74,2084645506850.0
DEUTSCHE BK AG (PRIVATE BANKING) SPORE WM CLIENT,INDF,1.54,860809810000.0
FIDELITY FUNDS,INDF,1.28,713782545000.0
BANK OF SINGAPORE LIMITED,INDR,2.21,38551863000.0
BANK OF SINGAPORE LIMITED,INDX,1.37,600850000.0
PT. AIA FINANCIAL,INDY,2.05,339115188000.0
CASCADEN INVESTMENT LIMITED,INKP,3.77,2093874447350.0
BROADBAND GLOBAL PARTNERS INC,INKP,3.27,1814058973300.0
BANK OF SINGAPORE LIMITED,INKP,2.41,1340086230000.0
KINGSWOOD UNION CORPORATION,INOV,1.55,3929940000.0
CGS INTERNATIONAL SECURITIES SINGAPORE PTE LTD,INPC,4.7,147250015500.0
UOB KAY HIAN PRIVATE LIMITED,INPC,1.67,52491586845.0
DBS VICKERS SECS SINGAPORE (PTE) LTD A/C CLIENTS,INPC,1.57,49361969290.0
CGS INTERNATIONAL SECURITIES SINGAPORE PTE LTD,INPP,7.8,680377620000.0
UOB KAY HIAN PRIVATE LIMITED,INPP,4.73,412837308000.0
CGS INTERNATIONAL SEKURITAS INDONESIA,INPP,1.64,143052000000.0
REKSA DANA NARADA SAHAM INDONESIA,INPS,1.43,5622567500.0
UOB KAY HIAN PRIVATE LIMITED,INRU,2.27,18573729820.0
FERRY SUDJONO,INTA,3.45,9233712000.0
RELIANCEVER HOLDINGS INC,INTA,1.6,4277632000.0
DJS KETENAGAKERJAAN PROGRAM JAMINAN HARI TUA,INTP,2.92,517704285000.0
EMPLOYEES PROVIDENT FUND BOARD,INTP,1.86,330616258300.0
DEUTSCHE BK AG (PRIVATE BANKING) SPORE WM CLIENT,INTP,1.56,277750000000.0
PT TASPEN (PERSERO),INTP,1.02,180211775000.0
UOB KAY HIAN PRIVATE LIMITED,IPAC,4.84,7038000000.0
LGT BANK AG,IPCC,1.05,24586290500.0
PT TASPEN (PERSERO),IPCM,1.11,19185080800.0
PT. HOKI INVESTASI SEJATI,IPOL,5.13,39354097300.0
UBS AG SINGAPORE BRANCH,IPOL,3.53,27098561000.0
PT PENDANAAN EFEK INDONESIA,IPPE,4.68,3014090800.0
PT GLOBAL MEDIACOM TBK,IPTV,62.77,1032943521441.0
UOB KAY HIAN (HONG KONG) LTD,IPTV,6.66,109538270400.0
RELIANCEVER HOLDINGS INC,IPTV,1.68,27703679055.0
SMART EMPIRE GROUP LTD,IPTV,1.5,24708106800.0
FIDELITY FUNDS,ISAT,1.4,945130395000.0
EMPLOYEES PROVIDENT FUND BOARD,ISAT,1.26,849451449000.0
HSBC LTD-SINGAPORE BRANCH PRIVATE BANKING DIVISION ACCOUNT CLIENTS,ISSP,2.45,81489251844.0
LIE EFFENDI HARSONO,ISSP,2.2,73166940000.0
PT DANATAMA MAKMUR SEKURITAS,ITMA,3.79,91988622000.0
Zurich Assets International Ltd,ITMA,2.89,70212420000.0
"Tesco International Capital, PT",ITMA,2.6,62999438850.0
PT DANATAMA KAPITAL INVESTAMA,ITMA,2.15,52101387000.0
DJS KETENAGAKERJAAN PROGRAM JAMINAN HARI TUA,ITMG,1.05,352155047500.0
UOB KAY HIAN PRIVATE LIMITED,JAST,32.42,34749592614.0
DEUTSCHE BK AG (PRIVATE BANKING) SPORE WM CLIENT,JAWA,1.04,26797353000.0
PT. INDOLIFE PENSIONTAMA,JECC,17.58,117608977500.0
PT ASURANSI JIWA CENTRAL ASIA RAYA,JECC,1.85,12371238000.0
SIAUW YUNUS SUBANDI,JGLE,5.47,70386934500.0
REKSA DANA TF SUPER MAXXI,JGLE,1.6,20587260000.0
Reksa Dana Pan Arcadia Dana Saham Bertumbuh,JGLE,1.08,13901217000.0
"Tesco International Capital, PT",JGLE,1.07,13742700000.0
PT BIOFUEL INDO SUMATRA,JGLE,1.03,13296390000.0
FIDELITY FUNDS,JGLE,1.03,13210149912.0
UBS SWITZERLAND AG,JIHD,2.91,36320615000.0
UBS AG HONG KONG,JIHD,1.94,24128500000.0
BP2S SG/BNP PARIBAS SINGAPORE BRANCH WEALTH MANAGEMENT,JKON,2.41,27892586430.0
DRA MEDYA LENGKEY S.,JKON,2.18,25224993600.0
REKSA DANA MINNA PADI PRINGGONDANI SAHAM,JMAS,2.33,4743221748.0
REKSA DANA MINNA PADI PASOPATI SAHAM,JMAS,2.04,4157291928.0
BANK JULIUS BAER & CO. LTD,JPFA,3.38,931359990000.0
"UNION BANCAIRE PRIVEE, UBP SA SINGAPORE BRANCH",JPFA,3.21,884206382250.0
UBS AG SINGAPORE BRANCH,JPFA,1.99,547620265000.0
UNITED OVERSEAS BANK NOMINEES (PRIVATE) LIMITED,JPFA,1.08,297558081000.0
BP2S SG/BNP PARIBAS SINGAPORE BRANCH WEALTH MANAGEMENT,JRPT,16.54,2370082878000.0
JAKSA AGUNG MUDA BIDANG TINDAK PIDANA KHUSUS KEJAKSAAN REPUBLIK INDONESIA KEJAKSAAN REPUBLIK INDONESIA,JSKY,20.34,21502870116.0
MAYBANK SECURITIES PTE. LTD.,JSKY,2.46,2600000000.0
PT DANANTARA ASSET MANAGEMENT (PERSERO),JSMR,69.3,15441193557940.0
DJS KETENAGAKERJAAN PROGRAM JAMINAN HARI TUA,JSMR,3.41,759899395310.0
PT TASPEN (PERSERO),JSMR,2.98,663588543400.0
EMPLOYEES PROVIDENT FUND BOARD,JSMR,1.46,324979101950.0
SUZANNA TANOJO,JSPT,14.37,479757402720.0
JPMORGAN CHASE BANK NA SINGAPORE BRANCH,JSPT,9.21,307522939680.0
MORGAN STANLEY AND CO INTERNATIONAL PLC,JSPT,1.51,50276880000.0
DRS SURONO SUBEKTI,JTPE,1.0,41128500000.0
PERUSAHAAN PERSEROAN (PERSERO) PT. ASABRI,KAEF,4.43,113902219200.0
CGS INTERNATIONAL SECURITIES SINGAPORE PTE LTD,KAYU,4.05,485089200.0
SALIM LIM,KBAG,8.47,26644965600.0
REKSA DANA SUCORINVEST EQUITY PRIMA FUND,KBLI,4.71,60427104000.0
REKSA DANA SUCORINVEST EQUITY FUND,KBLI,4.51,57834592000.0
REKSA DANA SUCORINVEST SHARIA EQUITY FUND,KBLI,3.63,46594816000.0
CACEIS BANK/NON TREATY UCITS CLIENTS,KBLI,1.72,21992832000.0
MANOJ PITAMBER NANWANI,KBLI,1.62,20813440000.0
REKSA DANA SUCORINVEST MAXI FUND,KBLI,1.26,16172352000.0
HAIYANTO,KBLM,1.19,4540496000.0
"KHARISMA BUANA NUSANTARA, PT",KBLV,4.0,7317105180.0
SIAUW YUNUS SUBANDI,KBLV,2.62,4790845500.0
JAKSA AGUNG MUDA BIDANG TINDAK PIDANA KHUSUS KEJAKSAAN REPUBLIK INDONESIA KEJAKSAAN REPUBLIK INDONESIA,KBRI,75.25,326869716450.0
PT. HOKI INVESTASI SEJATI,KDSI,5.0,36603773600.0
SUKARTO BUJUNG,KDSI,3.71,27172838800.0
RUDY SUSANTO,KETR,1.7,19396500000.0
"UBS AG, LONDON",KETR,1.49,17036880600.0
UBS AG SINGAPORE BRANCH,KIJA,3.84,139322387598.0
GOVERNMENT OF NORWAY,KIJA,1.24,44899516800.0
"PANIN SEKURITAS Tbk, PT",KIJA,1.04,37641164220.0
UOB KAY HIAN PRIVATE LIMITED,KINO,3.55,59268857310.0
"CAPITAL LIFE SYARIAH, PT",KIOS,3.25,3465000000.0
KOKARJADI CHANDRA,KIOS,1.86,1980000000.0
KINGSWOOD UNION CORPORATION,KIOS,1.86,1980000000.0
REKSA DANA NARADA SAHAM INDONESIA,KJEN,5.92,3346528900.0
PT GRIYA INSANI CAKRA SADAYA,KLBF,3.43,1557237515000.0
DJS KETENAGAKERJAAN PROGRAM JAMINAN HARI TUA,KLBF,2.01,910884514000.0
GOVERNMENT OF NORWAY,KLBF,1.24,561720016000.0
DRS SURONO SUBEKTI,KMDS,2.27,10608916500.0
DEUTSCHE BK AG (PRIVATE BANKING) SPORE WM CLIENT,KMTR,2.43,51200000000.0
BANK OF SINGAPORE LIMITED,KMTR,2.06,43390182400.0
DBS BANK LTD.,KMTR,2.02,42480332800.0
"GADING DANALESTARI, PT",KOBX,3.88,11644446000.0
PINKY NK,KOIN,3.24,2635582000.0
MANOJ PITAMBER NANWANI,KOIN,1.8,1462501500.0
PT. INDOLIFE PENSIONTAMA,KONI,3.99,18004700000.0
DMS INVESTAMA PT,KOTA,43.54,261723254280.0
PT ASKAR PELANGI ABADI,KOTA,2.18,13098600000.0
PT. MNC ASIA HOLDING TBK,KPIG,18.35,1851200427100.0
SMART EMPIRE GROUP LTD,KPIG,15.75,1588227642564.0
RELIANCEVER HOLDINGS INC,KPIG,2.44,246522364086.0
PT GLOBAL MEDIACOM TBK,KPIG,1.73,174250058100.0
PT MNC KAPITAL INDONESIA TBK,KPIG,1.67,168733640100.0
TJOMO TJENGUNDORO.TJENG,KPIG,1.22,123165601400.0
PERUSAHAAN PERSEROAN (PERSERO) PT. ASABRI,KRAS,1.31,74855440000.0
"ASURANSI JIWA KRESNA, PT",KREN,13.77,40103476800.0
PT KARYA KARUNIA PERSADA,KREN,4.27,12444984000.0
TJOMO TJENGUNDORO.TJENG,KREN,1.02,2958739200.0
PT GRIYA INSANI CAKRA SADAYA,KSIX,3.74,26080000000.0
HERI SANTOSO LIEM,LAND,1.21,1967580400.0
PERUSAHAAN PERSEROAN (PERSERO) PT. ASABRI,LCGP,6.57,42190633578.0
REKSA DANA TREASURE SAHAM MANTAP,LCGP,4.8,30780000000.0
REKSA DANA TF SUPER MAXXI,LCGP,4.8,30780000000.0
REKSA DANA POOL ADVISTA KAPITAL OPTIMAL,LCGP,4.8,30780000000.0
PT. ASURANSI JIWA IFG,LCGP,4.68,30025150710.0
"BANK DANAMON INDONESIA Tbk, PT - REGISTRAR",LCGP,4.47,28714185480.0
Reksa Dana Pan Arcadia Dana Saham Bertumbuh,LCGP,4.34,27838902600.0
REKSA DANA EMCO MANTAP,LCGP,3.44,22091763600.0
REKSA DANA MINNA PADI PRINGGONDANI SAHAM,LCGP,2.33,14981654508.0
JAKSA AGUNG MUDA BIDANG TINDAK PIDANA KHUSUS KEJAKSAAN REPUBLIK INDONESIA KEJAKSAAN REPUBLIK INDONESIA,LCGP,1.52,9778121772.0
MORGAN STANLEY AND CO INTERNATIONAL PLC,LCGP,1.1,7045200000.0
REKSA DANA AURORA SMC EQUITY,LCGP,1.04,6660427200.0
MANOJ PITAMBER NANWANI,LEAD,5.08,35380290720.0
PINKY NK,LEAD,3.36,23369364000.0
PT SINAR MAS MULTIARTHA Tbk,LIFE,12.5,1890000000000.0
ASURANSI SIMAS JIWA,LIFE,2.11,319596487200.0
SINAR MAS CAKRAWALA,LIFE,1.61,243999972000.0
MAYBANK SECURITIES PTE. LTD.,LINK,4.76,252657045445.0
REKSA DANA SUCORINVEST EQUITY PRIMA FUND,LINK,1.08,57521880500.0
JPMORGAN CHASE BANK NA SINGAPORE BRANCH,LION,4.61,9552000000.0
WIDAYANTI DARMAWAN,LMAS,1.58,622400000.0
SIAUW YUNUS SUBANDI,LMAS,1.42,560000000.0
SUWANTARA GOTAMA,LMSH,2.42,595200000.0
BANK JULIUS BAER CO. LTD. S/A PT INTI ANUGRAH PROPERTINDO PLEDGED ACC,LPGI,18.1,358380000000.0
PT. MULTIPOLAR TBK,LPIN,81.71,157649865600.0
SIAUW YUNUS SUBANDI,LPIN,2.41,4656950400.0
BANK JULIUS BAER CO. LTD. S/A PT INTI ANUGRAH PROPERTINDO PLEDGED ACC,LPKR,25.79,1389432217208.0
DBS BANK LTD.,LPKR,5.11,275449125600.0
"KHARISMA BUANA NUSANTARA, PT",LPKR,1.87,100606579584.0
PT. MULTIPOLAR TBK,LPKR,1.71,91936348800.0
MORGAN STANLEY AND CO INTERNATIONAL PLC,LPKR,1.21,65077865352.0
OCBC SECURITIES PRIVATE LIMITED,LPKR,1.19,64385782068.0
MAYBANK SECURITIES PTE. LTD.,LPKR,1.18,63551200000.0
MANOJ PITAMBER NANWANI,LPKR,1.01,54341375600.0
BANK JULIUS BAER CO. LTD. S/A PT INTI ANUGRAH PROPERTINDO PLEDGED ACC,LPLI,50.6,170564488992.0
SIAUW YUNUS SUBANDI,LPLI,4.24,14298163200.0
"KHARISMA BUANA NUSANTARA, PT",LPLI,4.0,13483385856.0
IEVAN DANIAR SUMAMPOW,LPLI,1.71,5760000000.0
ENDANG LESTARI PUJIASTUTI,LPLI,1.23,4140720000.0
PT. MULTIPOLAR TBK,LPPF,9.3,384285360000.0
PHILLIP SECURITIES PTE LTD,LPPF,2.25,92928498000.0
MANOJ PITAMBER NANWANI,LPPF,1.71,70649346000.0
BANK JULIUS BAER CO. LTD. S/A PT INTI ANUGRAH PROPERTINDO PLEDGED ACC,LPPS,67.52,139810939920.0
SIAUW YUNUS SUBANDI,LPPS,3.96,8195405280.0
DBS BANK LTD.,LPPS,3.3,6837976000.0
"GADING DANALESTARI, PT",LRNA,12.94,9147671000.0
SIAUW YUNUS SUBANDI,LRNA,7.58,5362292000.0
DJS KETENAGAKERJAAN PROGRAM JAMINAN HARI TUA,LSIP,4.41,433333152000.0
PT TASPEN (PERSERO),LSIP,3.41,334907280000.0
DRS LO KHENG HONG,LSIP,1.31,128224368000.0
Resources Fortune LTD,LTLS,1.22,14881308000.0
CGS INTERNATIONAL SECURITIES SINGAPORE PTE LTD,LUCK,1.91,1324011200.0
JAKSA AGUNG MUDA BIDANG TINDAK PIDANA KHUSUS KEJAKSAAN REPUBLIK INDONESIA KEJAKSAAN REPUBLIK INDONESIA,MABA,16.62,127715530000.0
REKSA DANA NARADA SAHAM INDONESIA,MABA,4.89,37593105000.0
REKSA DANA NARADA SAHAM INDONESIA II,MABA,4.16,31983155000.0
REKSA DANA EMCO MANTAP,MABA,4.0,30726425000.0
PERUSAHAAN PERSEROAN (PERSERO) PT. ASABRI,MABA,3.74,28739716300.0
YOHANES HALIM,MABA,3.55,27296785000.0
REKSA DANA NARADA CAMPURAN I,MABA,3.45,26472820000.0
"BANK DANAMON INDONESIA Tbk, PT - REGISTRAR",MABA,3.13,24070257800.0
REKSA DANA MINNA PADI PASOPATI SAHAM,MABA,1.16,8939532650.0
REKSA DANA MINNA PADI PRINGGONDANI SAHAM,MABA,1.02,7827501350.0
DANA PENSIUN KARYAWAN PANIN BANK,MAGP,6.67,30000000000.0
UOB KAY HIAN PRIVATE LIMITED,MAIN,3.42,70046830395.0
BANK OF SINGAPORE LIMITED,MAIN,2.56,52413299925.0
DRS LO KHENG HONG,MAIN,1.24,25305789000.0
MAYBANK SECURITIES PTE. LTD.,MAIN,1.01,20625896145.0
PT. PRUDENTIAL LIFE ASSURANCE,MAPA,1.42,252798000000.0
UOB KAY HIAN PRIVATE LIMITED,MAPB,3.18,115900000000.0
PT SATYA MULIA GEMA GEMILANG,MAPI,51.0,10201530000000.0
DJS KETENAGAKERJAAN PROGRAM JAMINAN PENSIUN,MAPI,3.76,752010616000.0
EMPLOYEES PROVIDENT FUND BOARD,MAPI,2.24,447579777500.0
PT. PRUDENTIAL LIFE ASSURANCE,MAPI,1.78,356835204000.0
BANK OF SINGAPORE LIMITED,MAPI,1.47,294308838500.0
GOVERNMENT OF NORWAY,MAPI,1.07,214153805000.0
CGS INTERNATIONAL SECURITIES SINGAPORE PTE LTD,MARK,4.77,139601385000.0
UOB KAY HIAN PRIVATE LIMITED,MASB,4.51,201135000000.0
CGS INTERNATIONAL SECURITIES SINGAPORE PTE LTD,MAYA,4.59,228000019000.0
GARIBALDI THOHIR,MBMA,2.26,1781823917130.0
WINATO KARTONO,MBMA,2.03,1600779268490.0
EDWIN SOERYADJAYA,MBMA,1.7,1340647993000.0
SUWANTARA GOTAMA,MBSS,2.42,64702629000.0
PT YULIE SEKURITAS INDONESIA TBK,MBTO,3.17,3694620400.0
SIAUW YUNUS SUBANDI,MBTO,2.67,3119035000.0
BANK OF SINGAPORE LIMITED,MCAS,9.57,33394381200.0
PT KARYA KARUNIA PERSADA,MCAS,5.09,17744239800.0
PT SOTERIA WICAKSANA INVESTAMA,MCAS,3.45,12024985800.0
UOB KAY HIAN PRIVATE LIMITED,MCOR,8.21,211672607008.0
BROADBAND GLOBAL PARTNERS INC,MCOR,4.41,113633183504.0
KINGSWOOD UNION CORPORATION,MCOR,1.88,48366715504.0
DMS INVESTAMA PT,MDIA,6.72,134385000000.0
SUWANTARA GOTAMA,MDIA,1.37,27386637900.0
MAYBANK SECURITIES PTE. LTD.,MDIY,3.62,702332939000.0
SARATOGA INVESTAMA SEDAYA TBK PT,MDKA,19.37,14882008214680.0
GARIBALDI THOHIR,MDKA,7.46,5733836419560.0
DJS KETENAGAKERJAAN PROGRAM JAMINAN HARI TUA,MDKA,2.15,1655096596780.0
DJS KETENAGAKERJAAN PROGRAM JAMINAN PENSIUN,MDKA,1.41,1082771613360.0
DRA MEDYA LENGKEY S.,MDKI,2.54,12278549600.0
FIDELITY FUNDS,MDLA,1.12,33076281000.0
"PANIN SEKURITAS Tbk, PT",MDLN,15.29,103482717480.0
HAIYANTO,MDLN,9.71,65717827200.0
CGS INTERNATIONAL SECURITIES SINGAPORE PTE LTD,MDLN,6.59,44582405400.0
MANOJ PITAMBER NANWANI,MDLN,1.77,12007294200.0
DJS KETENAGAKERJAAN PROGRAM JAMINAN PENSIUN,MEDC,1.01,465217685000.0
HERI SANTOSO LIEM,MEDS,1.35,1202700000.0
PT. INDOLIFE PENSIONTAMA,MEGA,4.89,2612545940550.0
PT ASURANSI CENTRAL ASIA,MEGA,4.01,2141800274250.0
DJONI,MENN,4.88,3710000000.0
CITIBANK NEW YORK S/A RAINBOW FUND LP,MERK,2.16,29683523000.0
CACEIS BANK/NON TREATY UCITS CLIENTS,MERK,1.19,16381213000.0
CITIBANK HONG KONG S/A PBG CLIENTS SG,MGLV,1.76,157450000000.0
BANK OF SINGAPORE LIMITED,MGLV,1.76,157450000000.0
SUZANNA TANOJO,MGNA,1.46,9214850000.0
PT. Victoria Investama Tbk,MGNA,1.44,9067516000.0
PT. BINTANG MITRA SEMESTARAYA TBK,MGNA,1.41,8892950000.0
PT Prolestari Megapersada,MGNA,1.39,8787500000.0
PT ASKAR PELANGI ABADI,MGNA,1.25,7862500000.0
MAYBANK SECURITIES PTE. LTD.,MGRO,4.95,124960000000.0
SUKARTO BUJUNG,MICE,11.51,34521650000.0
PT. HOKI INVESTASI SEJATI,MICE,6.59,19773450000.0
UOB KAY HIAN PRIVATE LIMITED,MICE,3.06,9192250000.0
MAYBANK SECURITIES PTE. LTD.,MICE,2.15,6438300000.0
"SUMBER ALFARIA TRIJAYA, TBK",MIDI,77.09,7784192846000.0
PT. PRUDENTIAL LIFE ASSURANCE,MIDI,1.54,155610299988.0
GOVERNMENT OF NORWAY,MIDI,1.2,121635875600.0
PT GRIYA INSANI CAKRA SADAYA,MIKA,64.65,18792738272000.0
GOVERNMENT OF NORWAY,MIKA,2.36,684596638000.0
PT TIRTA ORISA YASA,MINA,30.48,732000000000.0
HAPSORO,MINA,19.68,472682816796.0
DJONI,MINA,5.33,128100000000.0
PT SENTOSA BERSAMA MITRA,MINA,3.66,87840000000.0
ZICO TRUST (S) LTD,MINE,1.41,19175272330.0
IRENE THESMAN,MIRA,1.96,1708885464.0
ASURANSI SIMAS JIWA,MKNT,5.01,275587200.0
PT. MEGAH ANGKASA PERKASA,MKNT,4.72,259725000.0
REKSA DANA NARADA SAHAM INDONESIA II,MKNT,3.3,181274300.0
KINGSWOOD UNION CORPORATION,MKNT,3.17,174538200.0
REKSA DANA NARADA SAHAM INDONESIA,MKNT,3.04,167289600.0
PT ASKAR PELANGI ABADI,MKNT,2.55,140275000.0
REKSA DANA NARADA CAMPURAN I,MKNT,1.21,66436100.0
"PANIN SEKURITAS Tbk, PT",MKPI,2.89,635220640000.0
DRA MEDYA LENGKEY S.,MKPI,2.62,576690380800.0
UNITED OVERSEAS BANK NOMINEES (PRIVATE) LIMITED,MLIA,4.86,91975455000.0
STANDARD CHARTERED BANK (SINGAPORE) LIMITED,MLIA,1.51,28600000000.0
BANK JULIUS BAER CO. LTD. S/A PT INTI ANUGRAH PROPERTINDO PLEDGED ACC,MLPL,32.13,463549521736.0
UBS AG SINGAPORE BRANCH,MLPL,16.08,231982254816.0
BANK OF SINGAPORE LIMITED,MLPL,2.74,39549466000.0
WIDAYANTI DARMAWAN,MLPL,1.17,16888338800.0
PT. MULTIPOLAR TBK,MLPT,84.95,23931068750000.0
"KHARISMA BUANA NUSANTARA, PT",MLPT,4.16,1171950000000.0
Resources Fortune LTD,MLPT,1.65,465775000000.0
PT GLOBAL MEDIACOM TBK,MNCN,39.27,1217402846536.0
PT PENDANAAN EFEK INDONESIA,MNCN,4.35,134755229600.0
PT. MNC ASIA HOLDING TBK,MNCN,2.07,64188096200.0
"PANIN SEKURITAS Tbk, PT",MNCN,1.96,60798116940.0
STANDARD CHARTERED BANK (SINGAPORE) LIMITED,MOLI,1.07,7718172476.0
UOB KAY HIAN PRIVATE LIMITED,MORA,4.97,5102372212000.0
BOQUETE GROUP S.A.,MORA,4.86,4991000000000.0
CASCADEN INVESTMENT LIMITED,MORA,4.83,4960620000000.0
CITIBANK HONG KONG S/A CITIBANK HK SA PBG CLIENTS HK,MORA,4.83,4952104052000.0
SARATOGA INVESTAMA SEDAYA TBK PT,MPMX,57.67,2479481870180.0
PERSADA CAPITAL INVESTAMA,MPMX,5.09,218687000000.0
GOVERNMENT OF NORWAY,MPMX,1.03,44100000000.0
PHILLIP SECURITIES PTE LTD,MPOW,44.8,34405326716.0
PT. MULTIPOLAR TBK,MPPA,50.14,325042038100.0
SIAUW YUNUS SUBANDI,MRAT,1.52,2731092000.0
PT. GRAHA SENTOSA PERSADA,MREI,20.53,105750128320.0
BANK OF SINGAPORE LIMITED,MREI,6.43,33148280725.0
BANK JULIUS BAER & CO. LTD,MREI,5.0,25737332670.0
CA INDOSUEZ (SWITZERLAND) SA,MREI,4.92,25339332670.0
LGT BANK AG,MREI,4.28,22070748715.0
"UNION BANCAIRE PRIVEE, UBP SA SINGAPORE BRANCH",MREI,1.16,5970885550.0
DEUTSCHE BK AG (PRIVATE BANKING) SPORE WM CLIENT,MREI,1.12,5771000000.0
PT GLOBAL MEDIACOM TBK,MSIN,7.97,3048049068750.0
PT MNC KAPITAL INDONESIA TBK,MSIN,3.8,1451623362840.0
GOVERNMENT OF NORWAY,MSTI,1.45,62406850000.0
FIDELITY FUNDS,MSTI,1.32,56944250000.0
PT. AIA FINANCIAL,MSTI,1.04,44904750000.0
DRA MEDYA LENGKEY S.,MTDL,16.6,1151538085325.0
PANGOLIN INV MANAG PTE LTD-PANGOLIN ASIA FUND,MTDL,6.43,445967404600.0
DRS SURONO SUBEKTI,MTDL,3.04,211210108000.0
SUKARTO BUJUNG,MTDL,2.58,179221559500.0
PT. HOKI INVESTASI SEJATI,MTDL,2.51,174387815000.0
FIDELITY FUNDS,MTDL,1.26,87698000500.0
DMS INVESTAMA PT,MTFN,2.41,18420000000.0
PT BIOFUEL INDO SUMATRA,MTFN,1.77,13500000000.0
REKSA DANA OSO FLORES EQUITY FUND,MTFN,1.58,12085416000.0
"GADING DANALESTARI, PT",MTFN,1.55,11856002400.0
DBS BANK LTD.,MTFN,1.26,9600000000.0
PETROMINE ENERGY TRADING,MTFN,1.1,8411592000.0
PERUSAHAAN PERSEROAN (PERSERO) PT. ASABRI,MTFN,1.1,8431502400.0
PT YULIE SEKURITAS INDONESIA TBK,MTLA,7.24,357266119845.0
PT. INDOLIFE PENSIONTAMA,MTLA,3.85,190220175000.0
MAYBANK SECURITIES PTE. LTD.,MTLA,2.83,139900500000.0
ZICO TRUST (S) LTD,MTMH,3.99,80800314000.0
PERUSAHAAN PERSEROAN (PERSERO) PT. ASABRI,MTPS,5.03,8488330200.0
REKSA DANA EMCO MANTAP,MTPS,1.96,3313296900.0
REKSA DANA MINNA PADI PRINGGONDANI SAHAM,MTPS,1.76,2980049292.0
REKSA DANA MINNA PADI PASOPATI SAHAM,MTPS,1.14,1921974399.0
DBS VICKERS SECS SINGAPORE (PTE) LTD A/C CLIENTS,MTRA,2.32,4361280400.0
"PT. BATAVIA PROSPERINDO INTERNASIONAL, TBK",MTWI,85.9,879234164550.0
UOB KAY HIAN PRIVATE LIMITED,MTWI,1.49,15251180000.0
REKSA DANA SUCORINVEST EQUITY PRIMA FUND,MYOH,3.6,105376985000.0
REKSA DANA SUCORINVEST SHARIA EQUITY FUND,MYOH,2.29,66864137500.0
REKSA DANA SUCORINVEST EQUITY FUND,MYOH,1.91,55975685000.0
GOVERNMENT OF NORWAY,MYOR,1.54,631355444250.0
FIDELITY FUNDS,MYOR,1.32,538773594000.0
PT. PRUDENTIAL LIFE ASSURANCE,MYOR,1.26,513708678750.0
SAFARI ASIA LIMITED,NANO,3.5,5250000000.0
SIAUW YUNUS SUBANDI,NANO,1.67,2507211000.0
REKSA DANA GEMILANG DANA SAHAM INDONESIA,NASA,4.91,20536974600.0
REKSA DANA FOSTER EQUITY FUND,NASA,3.66,15325780000.0
PT.Pacific Indocorpora Indonesia,NASA,3.01,12579086800.0
PT SEJAHTERA MAHKOTA PERSADA,NASA,2.96,12385530000.0
PERUSAHAAN PERSEROAN (PERSERO) PT. ASABRI,NASA,2.35,9835278864.0
"TIRTA CITRA SOLUSI, PT",NASA,1.95,8170000000.0
REKSA DANA EMCO MANTAP,NASA,1.03,4314109600.0
HARTARTO CIPUTRA,NASI,2.44,2979667900.0
ASURANSI SIMAS JIWA,NATO,1.25,61533548250.0
BANGKOK BANK PUBLIC COMPANY LIMITED,NCKL,2.37,1625752607500.0
CITIBANK HONG KONG S/A PBG CLIENTS SG,NEST,5.01,69628000000.0
BANK OF SINGAPORE LIMITED,NFCX,6.04,73530929000.0
PT KARYA KARUNIA PERSADA,NFCX,2.51,30488815000.0
PT SOTERIA WICAKSANA INVESTAMA,NFCX,1.24,15110452500.0
PT GRIYA INSANI CAKRA SADAYA,NFCX,1.02,12464750000.0
BOOM SECURITIES (H.K.) LIMITED,NICK,4.97,39795789000.0
PERUSAHAAN PERSEROAN (PERSERO) PT. ASABRI,NIKL,10.31,72842728000.0
Reksa Dana Pan Arcadia Dana Saham Bertumbuh,NIKL,1.39,9820160000.0
REKSA DANA POOL ADVISTA KAPITAL OPTIMAL,NIKL,1.37,9683100000.0
DJONI,NINE,5.1,13420000000.0
"CAPITAL LIFE INDONESIA, PT",NIRO,4.87,194652000000.0
REKSA DANA SUCORINVEST EQUITY PRIMA FUND,NIRO,2.43,97274556000.0
REKSA DANA SUCORINVEST EQUITY FUND,NIRO,1.77,70899552000.0
REKSA DANA CAPITAL EQUITY FUND,NIRO,1.53,61067484000.0
OCBC SECURITIES PRIVATE LIMITED,NOBU,6.9,294318759000.0
SARATOGA INVESTAMA SEDAYA TBK PT,NRCA,5.98,83643112000.0
"UBS AG, LONDON",NRCA,1.02,14266336000.0
PT SAMUEL SEKURITAS INDONESIA,NSSS,4.74,1061598024000.0
JAKSA AGUNG MUDA BIDANG TINDAK PIDANA KHUSUS KEJAKSAAN REPUBLIK INDONESIA KEJAKSAAN REPUBLIK INDONESIA,NUSA,38.01,146353095000.0
PERUSAHAAN PERSEROAN (PERSERO) PT. ASABRI,NUSA,4.26,16405249500.0
REKSA DANA EMCO MANTAP,NUSA,3.99,15363440000.0
"BANK DANAMON INDONESIA Tbk, PT - REGISTRAR",NUSA,2.63,10142380350.0
REKSA DANA SAHAM EMCO PESONA,NUSA,2.62,10100440000.0
PT Yuanta Sekuritas Indonesia,NUSA,1.3,4995565000.0
OCBC SECURITIES PRIVATE LIMITED,OASA,4.51,68066614840.0
UBS AG SINGAPORE BRANCH,OASA,1.11,16780522486.0
PT. KB VALBURY SEKURITAS,OASA,1.02,15470000000.0
Resources Fortune LTD,OASA,1.01,15246280000.0
DRS SURONO SUBEKTI,OBAT,12.83,30380260800.0
UOB KAY HIAN (HONG KONG) LTD,OCAP,45.0,19548732000.0
BANQUE PICTET AND CIE SA,OKAS,1.66,4364034597.0
DEUTSCHE BK AG (PRIVATE BANKING) SPORE WM CLIENT,OKAS,1.3,3426876471.0
"EFG BANK AG, SINGAPORE BRANCH A/C CLIENTS",OMED,4.99,348300000000.0
PT SATYA MULIA GEMA GEMILANG,OMRE,2.66,59114388265.0
DBS BANK LTD.,PACK,2.09,57510910000.0
BARCLAYS CAPITAL SECURITIES LIMITED,PADA,1.0,3820284600.0
PT SENTOSA BERSAMA MITRA,PADI,4.67,49150332600.0
GARIBALDI THOHIR,PALM,19.9,1133217212256.0
WINATO KARTONO,PALM,7.79,443479087786.0
PT. AMAN DHITYA INVESTAMA,PANR,4.5,32148385750.0
"BANK PAN INDONESIA TBK, PT",PANS,29.0,350784000000.0
REKSA DANA PANIN DANA MAKSIMA,PANS,2.0,24217636800.0
WIDAYANTI DARMAWAN,PANS,1.57,19016760000.0
NITA WULANSARI NUGROHO,PANS,1.21,14616000000.0
"PANIN SEKURITAS Tbk, PT",PANS,1.19,14399616000.0
BARCLAYS CAPITAL SECURITIES LIMITED,PART,1.47,4788248000.0
UBS AG SINGAPORE BRANCH,PBRX,3.53,31090732755.0
TJOMO TJENGUNDORO.TJENG,PBRX,1.32,11655119200.0
BANK OF SINGAPORE LIMITED,PBSA,4.22,132297940500.0
UOB KAY HIAN PRIVATE LIMITED,PBSA,1.71,53722509500.0
PERUSAHAAN PERSEROAN (PERSERO) PT. ASABRI,PCAR,26.19,11915865702.0
Reksa Dana Pan Arcadia Dana Saham Bertumbuh,PCAR,3.19,1450468500.0
REKSA DANA SYARIAH AURORA SHARIA EQUITY,PCAR,2.7,1228305000.0
REKSA DANA POOL ADVISTA KAPITAL OPTIMAL,PCAR,2.33,1060928700.0
Reksa Dana Syariah Pan Arcadia Ekuitas Syariah Progresif,PCAR,2.17,988895154.0
REKSA DANA TF SUPER MAXXI,PCAR,2.04,929186700.0
REKSA DANA SYARIAH TREASURE SAHAM BERKAH SYARIAH,PCAR,1.86,846300000.0
REKSA DANA TREASURE SAHAM MANTAP,PCAR,1.73,786848400.0
PT. AMAN DHITYA INVESTAMA,PDES,6.64,25175530000.0
DJS KETENAGAKERJAAN PROGRAM JAMINAN HARI TUA,PGAS,2.5,1118473686000.0
"PANIN SEKURITAS Tbk, PT",PGAS,1.81,810392980860.0
DJS KETENAGAKERJAAN PROGRAM JAMINAN PENSIUN,PGAS,1.36,607462006500.0
BARCLAYS CAPITAL SECURITIES LIMITED,PIPA,1.06,4034827800.0
"UBS AG, LONDON",PLAS,8.49,5025000000.0
MAYBANK SECURITIES PTE. LTD.,PLAS,4.57,2705000000.0
PT. ASURANSI JIWA IFG,PLAS,3.34,1975193700.0
JAKSA AGUNG MUDA BIDANG TINDAK PIDANA KHUSUS KEJAKSAAN REPUBLIK INDONESIA KEJAKSAAN REPUBLIK INDONESIA,PLAS,2.96,1753116750.0
REKSA DANA AURORA SMC EQUITY,PLAS,2.46,1454160000.0
REKSA DANA OSO FLORES EQUITY FUND,PLAS,1.29,765900000.0
PT. CAPITAL ASSET MANAGEMENT,PLAS,1.08,642250000.0
"PANINVEST TBK, PT",PNBN,1.22,276700271400.0
"BANK PAN INDONESIA TBK, PT",PNBS,67.3,1306076351650.0
DANA PENSIUN KARYAWAN PANIN BANK,PNIN,6.02,186258627920.0
HAIYANTO,PNIN,4.49,138906340000.0
DRS LO KHENG HONG,PNIN,1.23,38148770000.0
HONKY HARJO,PNIN,1.22,37579416000.0
"PANINVEST TBK, PT",PNLF,15.19,1138466564352.0
"PANIN SEKURITAS Tbk, PT",PNLF,1.81,135896833800.0
GOVERNMENT OF NORWAY,PNLF,1.31,98280000000.0
PERUSAHAAN PERSEROAN (PERSERO) PT. ASABRI,POLA,7.67,20054843796.0
REKSA DANA POOL ADVISTA KAPITAL OPTIMAL,POLA,2.11,5516612400.0
PT GOLDEN FLOWER GLOBAL RESOURCES,POLI,4.39,103192947000.0
PT SURYA MASINDO,POLI,3.97,93366000000.0
BANK JULIUS BAER & CO. LTD,POLI,3.91,92077947000.0
PT GRAHA METTA ARYA,POLI,3.7,86993712000.0
CITIBANK HONG KONG S/A PBG CLIENTS SG,POLL,6.01,56000000000.0
PT GOLDEN FLOWER GLOBAL RESOURCES,POLL,4.81,44800056000.0
BANK JULIUS BAER & CO. LTD,POLL,4.4,40975648000.0
PT GRAHA METTA ARYA,POLL,3.78,35235771200.0
PT SURYA MASINDO,POLL,1.2,11188240000.0
PT GOLDEN FLOWER GLOBAL RESOURCES,POLU,8.55,1007966210000.0
PT GRAHA METTA ARYA,POLU,3.87,456025000000.0
PT SURYA MASINDO,POLU,3.67,432437500000.0
MORGAN STANLEY AND CO INTERNATIONAL PLC,POLY,2.33,2101256976.0
JAKSA AGUNG MUDA BIDANG TINDAK PIDANA KHUSUS KEJAKSAAN REPUBLIK INDONESIA KEJAKSAAN REPUBLIK INDONESIA,POOL,26.73,31295941200.0
PERUSAHAAN PERSEROAN (PERSERO) PT. ASABRI,POOL,7.48,8761361700.0
PT. ASURANSI JIWA IFG,POOL,4.88,5709985450.0
REKSA DANA POOL ADVISTA KAPITAL OPTIMAL,POOL,1.68,1970920000.0
Reksa Dana Pan Arcadia Dana Saham Bertumbuh,POOL,1.55,1819610000.0
BONHAM NOMINEES PTE LTD,PORT,4.98,120515498000.0
UOB KAY HIAN PRIVATE LIMITED,PORT,4.98,120636500000.0
REKSA DANA EMCO GROWTH FUND,POSA,2.5,10477625000.0
"BANK DANAMON INDONESIA Tbk, PT - REGISTRAR",POSA,1.99,8347441150.0
REKSA DANA EMCO MANTAP,POSA,1.73,7243760000.0
REKSA DANA SAHAM EMCO PESONA,POSA,1.7,7150730000.0
PERUSAHAAN PERSEROAN (PERSERO) PT. ASABRI,POSA,1.31,5491214650.0
FIDELITY FUNDS,POWR,2.35,272345472000.0
PT TASPEN (PERSERO),PPRE,2.13,29179237000.0
PT. ASURANSI JIWA IFG,PPRO,8.88,175196285024.0
PERUSAHAAN PERSEROAN (PERSERO) PT. ASABRI,PPRO,5.43,107098220768.0
PT YULIE SEKURITAS INDONESIA TBK,PPRO,1.08,21396521600.0
"EFG BANK AG, SINGAPORE BRANCH A/C CLIENTS",PRDA,3.21,81337500000.0
SUWANTARA GOTAMA,PSAB,1.67,203314155240.0
BANK OF SINGAPORE LIMITED,PSGO,3.52,129934933268.0
DBS BANK LTD.,PSGO,1.59,58560978000.0
PT TIRTA ORISA YASA,PSKT,40.77,1029637445912.0
DJS KETENAGAKERJAAN PROGRAM JAMINAN HARI TUA,PTBA,1.54,563391378000.0
PHILLIP SECURITIES PTE LTD,PTIS,3.42,5649780000.0
ASURANSI SIMAS JIWA,PTIS,2.3,3802530000.0
PERUSAHAAN PERSEROAN (PERSERO) PT DANANTARA ASSET MANAGEMENT,PTPP,50.49,907795223820.0
DJS KETENAGAKERJAAN PROGRAM JAMINAN HARI TUA,PTPP,3.39,61024062000.0
HAIYANTO,PTPP,3.01,54122062000.0
PT TASPEN (PERSERO),PTPP,1.33,23866623000.0
DJS KETENAGAKERJAAN PROGRAM JAMINAN PENSIUN,PTPP,1.02,18317531000.0
OCBC SECURITIES PRIVATE LIMITED,PTRO,2.69,1207739345000.0
PT SENTOSA BERSAMA MITRA,PTRO,2.55,1143170735000.0
MORGAN STANLEY AND CO INTERNATIONAL PLC,PTRO,1.73,778591913750.0
PT. GRAHA SENTOSA PERSADA,PTSP,27.63,52460572760.0
"UNION BANCAIRE PRIVEE, UBP SA SINGAPORE BRANCH",PTSP,13.89,26380013240.0
BANK OF SINGAPORE LIMITED,PTSP,8.05,15293139200.0
LGT BANK AG,PTSP,4.12,7822388000.0
CA INDOSUEZ (SWITZERLAND) SA,PTSP,4.04,7675568800.0
BANK JULIUS BAER & CO. LTD,PTSP,3.72,7057160000.0
BP2S SG/BNP PARIBAS SINGAPORE BRANCH WEALTH MANAGEMENT,PTSP,1.78,3378940000.0
CGS INTERNATIONAL SECURITIES SINGAPORE PTE LTD,PURA,4.6,8414616800.0
SALIM LIM,PURA,1.14,2090931900.0
EMPLOYEES PROVIDENT FUND BOARD,PWON,2.29,372747583000.0
FIDELITY FUNDS,PWON,1.94,315501097600.0
DBS BANK LTD.,PYFA,3.19,111004481010.0
DIAN CIPTAMAS AGUNG PT,PYFA,1.03,35801404000.0
JPMCB NA AIF CLT RE-THE SCOTTISH ORIENTAL SMALLER COMPANIES TRUST PLC,PZZA,7.0,40614336000.0
LGT BANK AG,RAAM,2.45,35461536800.0
UOB KAY HIAN PRIVATE LIMITED,RAAM,2.21,31890206000.0
CGS INTERNATIONAL SECURITIES SINGAPORE PTE LTD,RAAM,1.74,25163170400.0
SAFARI ASIA LIMITED,RAAM,1.31,18974000000.0
YOHANES HALIM,RAFI,2.23,2505657600.0
PT SENTOSA BERSAMA MITRA,RAJA,35.45,5439090374520.0
HAPSORO,RAJA,27.52,4222547043000.0
PT TIRTA ORISA YASA,RAJA,12.38,1899121620000.0
DRS LO KHENG HONG,RALS,2.19,69286858200.0
MORGAN STANLEY AND CO INTERNATIONAL PLC,RATU,1.97,259618075000.0
PERUSAHAAN PERSEROAN (PERSERO) PT. ASABRI,RBMS,4.66,6442628400.0
SIAUW YUNUS SUBANDI,RBMS,1.66,2296986900.0
UBS AG SINGAPORE BRANCH,RICY,3.06,1530516000.0
ANDY TANUJAYA,RICY,2.99,1495111800.0
OCBC SECURITIES PRIVATE LIMITED,RIGS,1.87,7989100000.0
DBS VICKERS SECS SINGAPORE (PTE) LTD A/C CLIENTS,RIGS,1.49,6373710000.0
GLAS TRUST (SINGAPORE) LTD.,RIGS,1.46,6233220000.0
RUDY SUSANTO,RIGS,1.14,4871370000.0
JAKSA AGUNG MUDA BIDANG TINDAK PIDANA KHUSUS KEJAKSAAN REPUBLIK INDONESIA KEJAKSAAN REPUBLIK INDONESIA,RIMO,18.18,409742108550.0
UBS SWITZERLAND AG,RIMO,10.58,238494446950.0
PERUSAHAAN PERSEROAN (PERSERO) PT. ASABRI,RIMO,8.4,189233291650.0
PT SINAR MAS MULTIARTHA Tbk,RIMO,4.88,110000000000.0
"CAPITAL LIFE SYARIAH, PT",RIMO,3.46,78031780000.0
REKSA DANA EMCO MANTAP,RIMO,2.64,59491325000.0
REKSA DANA CAPITAL EQUITY FUND,RIMO,1.93,43452530000.0
REKSA DANA POOL ADVISTA KAPITAL OPTIMAL,RIMO,1.71,38600500000.0
PT Yuanta Sekuritas Indonesia,RIMO,1.65,37295717500.0
Reksa Dana Pan Arcadia Dana Saham Bertumbuh,RIMO,1.36,30549100000.0
REKSA DANA EMCO GROWTH FUND,RIMO,1.36,30657890000.0
PT. Victoria Investama Tbk,RIMO,1.15,25967761300.0
UOB KAY HIAN PRIVATE LIMITED,RISE,2.36,746167500000.0
PT SAMUEL SEKURITAS INDONESIA,RLCO,4.43,875847417500.0
PT GOLDEN FLOWER GLOBAL RESOURCES,ROCK,4.35,147304120000.0
BANK JULIUS BAER & CO. LTD,ROCK,4.2,142253720000.0
PT GRAHA METTA ARYA,ROCK,3.85,130399440000.0
PT SURYA MASINDO,ROCK,3.65,123626240000.0
KINGSWOOD UNION CORPORATION,RODA,4.99,38018461600.0
DBS BANK LTD S/A ALBIZIA ASEAN OPPORTUNITIES FUND,ROTI,1.98,92013758250.0
HAIYANTO,RUIS,23.97,42826898400.0
OCBC SECURITIES PRIVATE LIMITED,RUIS,13.82,24695982400.0
BP2S SG/BNP PARIBAS SINGAPORE BRANCH WEALTH MANAGEMENT,SAFE,27.83,91416800800.0
REKSA DANA SUCORINVEST EQUITY PRIMA FUND,SAGE,3.03,7068750000.0
REKSA DANA SUCORINVEST MAXI FUND,SAGE,2.25,5249765600.0
"UBS AG, LONDON",SATU,1.04,3718130000.0
REKSA DANA SUCORINVEST SHARIA EQUITY FUND,SCCO,1.96,37357336000.0
PERUSAHAAN PERSEROAN (PERSERO) PT. ASABRI,SDMU,9.11,15785000000.0
PT. INDOLIFE PENSIONTAMA,SDPC,3.36,8253226190.0
SIAUW YUNUS SUBANDI,SDPC,1.83,4503640525.0
PT. Victoria Investama Tbk,SGER,2.84,183330078678.0
PT. BINTANG MITRA SEMESTARAYA TBK,SGER,2.03,131070124242.0
Resources Fortune LTD,SHIP,4.4,460732580000.0
DRS SURONO SUBEKTI,SIDO,2.26,349437748500.0
EMPLOYEES PROVIDENT FUND BOARD,SIDO,1.71,264448740500.0
JAKSA AGUNG MUDA BIDANG TINDAK PIDANA KHUSUS KEJAKSAAN REPUBLIK INDONESIA KEJAKSAAN REPUBLIK INDONESIA,SIMA,12.05,2667225000.0
"BANK DANAMON INDONESIA Tbk, PT - REGISTRAR",SIMA,5.93,1313205900.0
PT Yuanta Sekuritas Indonesia,SIMA,5.83,1290400000.0
PT. ASURANSI JIWA IFG,SIMA,4.88,1080521200.0
REKSA DANA POOL ADVISTA KAPITAL OPTIMAL,SIMA,3.8,841300000.0
REKSA DANA AURORA SMC EQUITY,SIMA,2.94,650000000.0
REKSA DANA EMCO MANTAP,SIMA,2.84,629170000.0
PERUSAHAAN PERSEROAN (PERSERO) PT. ASABRI,SIMA,1.29,286127050.0
DRS LO KHENG HONG,SIMP,5.03,498692480000.0
"PANIN SEKURITAS Tbk, PT",SIMP,1.53,152199360000.0
HAPSORO,SINI,9.0,479436750000.0
BOOM SECURITIES (H.K.) LIMITED,SIPD,1.29,25568875000.0
REKSA DANA NARADA SAHAM INDONESIA II,SKYB,10.48,3127284300.0
DBS BANK LTD.,SKYB,9.0,2684951100.0
REKSA DANA NARADA SAHAM INDONESIA,SKYB,4.71,1406692200.0
REKSA DANA NARADA CAMPURAN I,SKYB,4.71,1406692200.0
PT. ASURANSI JIWA IFG,SMBR,7.89,167794040200.0
PERUSAHAAN PERSEROAN (PERSERO) PT. ASABRI,SMBR,4.76,101099720400.0
PT DANANTARA ASSET MANAGEMENT (PERSERO),SMGR,50.69,8419233826500.0
DJS KETENAGAKERJAAN PROGRAM JAMINAN HARI TUA,SMGR,3.42,568213260000.0
PT TASPEN (PERSERO),SMGR,1.19,197108976000.0
FIDELITY FUNDS,SMGR,1.19,197651310060.0
PT MAYBANK SEKURITAS INDONESIA - REGISTRAR,SMIL,5.14,103500000000.0
PHILLIP SECURITIES PTE LTD,SMLE,4.31,13042731000.0
UOB KAY HIAN PRIVATE LIMITED,SMLE,3.8,11491688000.0
CGS INTERNATIONAL SECURITIES SINGAPORE PTE LTD,SMLE,2.78,8400379000.0
SINAR MAS CAKRAWALA,SMMA,49.06,48418770575000.0
DIAN CIPTAMAS AGUNG PT,SMMA,3.97,3913916423500.0
HSBC LTD-SINGAPORE BRANCH PRIVATE BANKING DIVISION ACCOUNT CLIENTS,SMMA,1.88,1854509016500.0
INTERVENTURES CAPITAL PTE. LTD,SMMA,1.2,1185853509000.0
PT NUSANTARA INDAH CEMERLANG,SMMA,1.11,1095249514500.0
DJS KETENAGAKERJAAN PROGRAM JAMINAN HARI TUA,SMRA,2.64,143872856820.0
GOVERNMENT OF NORWAY,SMRA,1.35,73315890780.0
PT. ASURANSI JIWA IFG,SMRU,9.89,61779015650.0
PERUSAHAAN PERSEROAN (PERSERO) PT. ASABRI,SMRU,9.18,57402523650.0
Reksa Dana Pan Arcadia Dana Saham Bertumbuh,SMRU,2.75,17208620000.0
REKSA DANA POOL ADVISTA KAPITAL OPTIMAL,SMRU,2.59,16160100000.0
REKSA DANA SYARIAH AURORA SHARIA EQUITY,SMRU,2.01,12553900000.0
REKSA DANA SYARIAH TREASURE SAHAM BERKAH SYARIAH,SMRU,1.28,8002750000.0
REKSA DANA TF SUPER MAXXI,SMRU,1.19,7418525000.0
Reksa Dana Syariah Pan Arcadia Ekuitas Syariah Progresif,SMRU,1.13,7079366600.0
JPMCB NA AIF CLT RE-THE SCOTTISH ORIENTAL SMALLER COMPANIES TRUST PLC,SMSM,2.95,299034032000.0
FIDELITY FUNDS,SMSM,2.77,280877168000.0
DBS BANK LTD.,SNLK,4.89,4972000000.0
DJONI,SOFA,1.69,11731314000.0
UOB KAY HIAN PRIVATE LIMITED,SOHO,40.03,10161128140000.0
RUDY SUSANTO,SOLA,1.71,6856717200.0
FIDELITY FUNDS,SPTO,5.01,86598016000.0
PANGOLIN INV MANAG PTE LTD-PANGOLIN ASIA FUND,SPTO,4.24,73313600000.0
ZICO TRUST (S) LTD,SPTO,3.88,66960000000.0
BANK OF SINGAPORE LIMITED,SPTO,1.62,27947968000.0
CGS INTERNATIONAL SECURITIES SINGAPORE PTE LTD,SQMI,22.15,203038058711.0
BANK JULIUS BAER & CO. LTD,SQMI,1.55,14217263040.0
CGS INTERNATIONAL SECURITIES SINGAPORE PTE LTD,SRAJ,4.9,9015016527500.0
DRS LO KHENG HONG,SRIL,1.02,30563567000.0
EDWIN SOERYADJAYA,SRTG,35.88,8445122372150.0
PT DWIMURIA INVESTAMA ANDALAN,SSIA,10.24,648290000000.0
PERSADA CAPITAL INVESTAMA,SSIA,7.85,496557860000.0
FERRY SUDJONO,SSIA,1.6,101319042335.0
UNITED OVERSEAS BANK NOMINEES (PRIVATE) LIMITED,STAA,4.75,665514684100.0
PT SEJAHTERA MAHKOTA PERSADA,STAR,4.98,143338380000.0
BANQUE PICTET AND CIE SA,STAR,4.57,131630160000.0
EASTERN PEAK GROUP CORPORATION,STAR,4.12,118655100000.0
PT. CAPITAL ASSET MANAGEMENT,STAR,4.05,116700000000.0
PT. ALANA CIPTA SELARAS,STAR,3.34,96100560000.0
REKSA DANA GEMILANG DANA SAHAM INDONESIA,STAR,2.22,63990660000.0
REKSA DANA CAPITAL EQUITY FUND,STAR,2.22,64020000000.0
REKSA DANA FOSTER EQUITY FUND,STAR,1.45,41886000000.0
PT BARA SEJAHTERA SUKSES,STAR,1.36,39060000000.0
"TIRTA CITRA SOLUSI, PT",STAR,1.06,30660000000.0
PHILLIP SECURITIES PTE LTD,STRK,15.96,155767257100.0
DBS BANK LTD.,STRK,1.0,9805623100.0
DBS BANK LTD.,STTP,4.33,585943750000.0
INTERVENTURES CAPITAL PTE. LTD,SUGI,7.71,95614152300.0
PT. ASURANSI JIWA IFG,SUGI,3.91,48465253650.0
JAKSA AGUNG MUDA BIDANG TINDAK PIDANA KHUSUS KEJAKSAAN REPUBLIK INDONESIA KEJAKSAAN REPUBLIK INDONESIA,SUGI,2.06,25581407000.0
REKSA DANA OSO FLORES EQUITY FUND,SUGI,1.93,23882260000.0
REKSA DANA NARADA SAHAM INDONESIA,SUGI,1.53,18953440000.0
UBS AG HONG KONG,SULI,2.56,16362000000.0
BANK JULIUS BAER & CO. LTD,SULI,1.82,11589750000.0
GLAS TRUST (SINGAPORE) LTD.,SUPA,1.92,552500000000.0
UOB KAY HIAN PRIVATE LIMITED,TALF,4.82,60331922500.0
VERAH WAHYUDI S WONG,TAMA,8.07,17344580900.0
UBS SWITZERLAND AG,TAMU,4.14,46547730000.0
PERSADA CAPITAL INVESTAMA,TAPG,33.07,12473707808700.0
TRIPUTRA INVESTINDO ARYA,TAPG,24.12,9098177654500.0
IR. T. PERMADI RACHMAT,TAPG,5.09,1919332880000.0
PERUSAHAAN PERSEROAN (PERSERO) PT. ASABRI,TARA,5.48,17644449216.0
REKSA DANA GEMILANG DANA SAHAM INDONESIA,TARA,4.89,15745280000.0
PT.Pacific Indocorpora Indonesia,TARA,4.62,14882838400.0
PT ASKAR PELANGI ABADI,TARA,4.16,13393600000.0
"TIRTA CITRA SOLUSI, PT",TARA,4.16,13393600000.0
PT. MEGAH ANGKASA PERKASA,TARA,4.16,13393600000.0
PT. ALANA CIPTA SELARAS,TARA,3.97,12800001120.0
PT BARA SEJAHTERA SUKSES,TARA,2.46,7923200000.0
"CAPITAL LIFE SYARIAH, PT",TARA,1.99,6425728000.0
REKSA DANA SUCORINVEST EQUITY PRIMA FUND,TARA,1.47,4736016000.0
REKSA DANA EMCO MANTAP,TARA,1.17,3774144000.0
BANGKOK BANK PUBLIC COMPANY LIMITED,TBIG,2.13,783655629250.0
BONHAM NOMINEES PTE LTD,TBLA,4.87,200847810855.0
UOB KAY HIAN PRIVATE LIMITED,TBLA,4.24,174955184865.0
PHILLIP SECURITIES PTE LTD,TBLA,4.23,174491987180.0
CGS INTERNATIONAL SECURITIES SINGAPORE PTE LTD,TBLA,3.73,153808050500.0
MAYBANK SECURITIES PTE. LTD.,TBLA,3.66,151263735135.0
"PANIN SEKURITAS Tbk, PT",TBLA,2.08,85783974800.0
DBS VICKERS SECS SINGAPORE (PTE) LTD A/C CLIENTS,TBLA,1.44,59514903635.0
REKSA DANA BALANCED FUND SUCORINVEST ANAK PINTAR,TBMS,1.13,10371721500.0
OCBC SECURITIES PRIVATE LIMITED,TCPI,2.24,1257336945000.0
UOB KAY HIAN PRIVATE LIMITED,TCPI,1.82,1023630200000.0
UBS SWITZERLAND AG,TCPI,1.76,988561055000.0
CGS INTERNATIONAL SEKURITAS INDONESIA,TCPI,1.57,879653399775.0
CASCADEN INVESTMENT LIMITED,TDPM,4.8,59910115650.0
MAYBANK SECURITIES PTE. LTD.,TDPM,2.52,31402612500.0
BOQUETE GROUP S.A.,TDPM,1.91,23800000000.0
PT SINAR MAS MULTIARTHA Tbk,TDPM,1.14,14176178450.0
OCBC SECURITIES PRIVATE LIMITED,TECH,7.96,5000000000.0
HAIYANTO,TELE,8.31,5468633100.0
BANK OF SINGAPORE LIMITED,TFAS,7.47,25402875600.0
YOHANES HALIM,TGRA,3.6,2674217700.0
DJS KETENAGAKERJAAN PROGRAM JAMINAN HARI TUA,TINS,1.67,414653187740.0
PT. PRUDENTIAL LIFE ASSURANCE,TINS,1.38,343372708000.0
GOVERNMENT OF NORWAY,TINS,1.11,275711322000.0
CASCADEN INVESTMENT LIMITED,TKIM,5.0,1384390016000.0
BROADBAND GLOBAL PARTNERS INC,TKIM,4.81,1333361474400.0
BOQUETE GROUP S.A.,TKIM,2.69,746290062400.0
UOB KAY HIAN PRIVATE LIMITED,TKIM,1.12,309728900000.0
"UBS AG, LONDON",TLDN,3.5,285382251000.0
PT DANANTARA ASSET MANAGEMENT (PERSERO),TLKM,51.57,156324169873440.0
DJS KETENAGAKERJAAN PROGRAM JAMINAN HARI TUA,TLKM,2.4,7281579978000.0
EMPLOYEES PROVIDENT FUND BOARD,TLKM,1.83,5562204530940.0
PT YULIE SEKURITAS INDONESIA TBK,TMPO,3.22,4219844000.0
"EFG BANK AG, SINGAPORE BRANCH A/C CLIENTS",TMPO,3.12,4092000000.0
HERI SANTOSO LIEM,TNCA,1.97,1460166400.0
JONATHAN CHANG,TNCA,1.97,1460800000.0
UOB KAY HIAN PRIVATE LIMITED,TOPS,1.61,536713200.0
DBS VICKERS SECS SINGAPORE (PTE) LTD A/C CLIENTS,TOTL,3.18,110211643500.0
HONKY HARJO,TOTL,1.31,45414855500.0
ZICO TRUST (S) LTD,TOTO,1.08,30459538800.0
PT DWIMURIA INVESTAMA ANDALAN,TOWR,19.95,5754832689256.0
UBS AG SINGAPORE BRANCH,TOWR,3.1,895228251048.0
DJS KETENAGAKERJAAN PROGRAM JAMINAN HARI TUA,TOWR,1.83,526806004000.0
EMPLOYEES PROVIDENT FUND BOARD,TOWR,1.72,496701479200.0
BANGKOK BANK PUBLIC COMPANY LIMITED,TPIA,1.7,6995079900000.0
JAKSA AGUNG MUDA BIDANG TINDAK PIDANA KHUSUS KEJAKSAAN REPUBLIK INDONESIA KEJAKSAAN REPUBLIK INDONESIA,TRAM,47.14,1170143495300.0
PERUSAHAAN PERSEROAN (PERSERO) PT. ASABRI,TRAM,5.09,126348396850.0
PT. ASURANSI JIWA IFG,TRAM,1.6,39699306650.0
REKSA DANA POOL ADVISTA KAPITAL OPTIMAL,TRAM,1.43,35459685000.0
REKSA DANA SYARIAH AURORA SHARIA EQUITY,TRAM,1.21,30063400000.0
Reksa Dana Syariah Pan Arcadia Ekuitas Syariah Progresif,TRAM,1.2,29720328100.0
SIAUW YUNUS SUBANDI,TRIL,1.92,1153645000.0
ANTONIUS GUNAWAN GHO,TRIL,1.86,1114550000.0
GARIBALDI THOHIR,TRIM,34.68,1232923350000.0
CITIBANK HONG KONG S/A PBG CLIENTS SG,TRIM,4.99,177225000000.0
UOB KAY HIAN PRIVATE LIMITED,TRIM,3.64,129428450000.0
TERRA KONSUMA INVESTAMA,TRIM,3.3,117372750000.0
PT TRIMEGAH SEKURITAS INDONESIA TBK,TRIM,2.05,72976882000.0
MARUARAR SIRAIT,TRIM,1.1,39222400000.0
DJONI,TRIN,1.5,52591000000.0
GLAS TRUST (SINGAPORE) LTD.,TRIO,25.53,2828896007256.0
UOB KAY HIAN PRIVATE LIMITED,TRIO,12.97,1436578221822.0
UBS AG SINGAPORE BRANCH,TRIS,4.89,26862500000.0
INTERVENTURES CAPITAL PTE. LTD,TRIS,1.54,8440140625.0
KOKARJADI CHANDRA,TRON,2.83,9870722420.0
DJONI,TRUE,5.09,53130000000.0
ANTONIUS GUNAWAN GHO,TRUK,1.21,1228523400.0
UOB KAY HIAN PRIVATE LIMITED,TUGU,15.84,704000000000.0
HAPSORO,UANG,19.35,789181039500.0
PT TIRTA ORISA YASA,UANG,16.24,662023020000.0
JPMCB NA AIF CLT RE-THE SCOTTISH ORIENTAL SMALLER COMPANIES TRUST PLC,UCID,3.59,61515225600.0
BANQUE PICTET AND CIE SA,UCID,1.72,29449348000.0
UOB KAY HIAN PRIVATE LIMITED,UCID,1.24,21300853200.0
PT. INDOLIFE PENSIONTAMA,ULTJ,2.38,376472384000.0
PT ASURANSI JIWA CENTRAL ASIA RAYA,ULTJ,1.65,260501400000.0
JAKSA AGUNG MUDA BIDANG TINDAK PIDANA KHUSUS KEJAKSAAN REPUBLIK INDONESIA KEJAKSAAN REPUBLIK INDONESIA,UNIT,4.89,1166071600.0
SIAUW YUNUS SUBANDI,UNIT,4.7,1120567600.0
ANDY TANUJAYA,UNIT,1.26,301116400.0
PT BAKRIE CAPITAL INDONESIA,UNSP,17.82,143471274730.0
PT BIOFUEL INDO SUMATRA,UNSP,3.68,29633788800.0
ASURANSI SIMAS JIWA,UNSP,1.38,11121252100.0
PT ASTRA INTERNATIONAL TBK,UNTR,59.5,68909803965900.0
DJS KETENAGAKERJAAN PROGRAM JAMINAN HARI TUA,UNTR,2.88,3337222950000.0
EMPLOYEES PROVIDENT FUND BOARD,UNTR,1.17,1359077130000.0
DJS KETENAGAKERJAAN PROGRAM JAMINAN HARI TUA,UNVR,1.06,735662746000.0
KOKARJADI CHANDRA,UVCR,2.59,5537250000.0
SUZANNA TANOJO,VICO,26.62,591425331948.0
PT. BINTANG MITRA SEMESTARAYA TBK,VICO,4.74,105403210800.0
PT. Victoria Investama Tbk,VINS,84.93,211097446080.0
REKSA DANA CAPITAL EQUITY FUND,VINS,3.0,7464000000.0
PT ASKAR PELANGI ABADI,VINS,1.4,3472000000.0
PT Prolestari Megapersada,VINS,1.23,3068960000.0
UBS AG HONG KONG,VIVA,5.03,27324445500.0
UBS AG SINGAPORE BRANCH,VIVA,4.34,23568501000.0
BANQUE PICTET AND CIE SA,VIVA,3.94,21400500000.0
BANK OF SINGAPORE LIMITED,VIVA,3.61,19602000000.0
JPMORGAN CHASE BANK NA SINGAPORE BRANCH,VIVA,2.72,14771631600.0
UBS SWITZERLAND AG,VIVA,1.47,8013212460.0
DJONI,VIVA,1.34,7275123900.0
PT. KB VALBURY SEKURITAS,VKTR,2.86,868750000000.0
PETROMINE ENERGY TRADING,VKTR,2.83,859709443475.0
MAYBANK SECURITIES PTE. LTD.,VOKS,4.9,38868500000.0
"BANK PAN INDONESIA TBK, PT",VRNA,25.06,106909170300.0
DANA PENSIUN KARYAWAN PANIN BANK,VRNA,1.09,4642860000.0
PT YULIE SEKURITAS INDONESIA TBK,WEGE,3.55,20035132326.0
PT. AMAN DHITYA INVESTAMA,WEHA,2.0,4533750000.0
UOB KAY HIAN PRIVATE LIMITED,WICO,2.6,7650600000.0
DJONI,WIFI,5.27,596400000000.0
GOVERNMENT OF NORWAY,WIFI,1.54,174660000000.0
PT. AIA FINANCIAL,WIIM,1.12,44627770000.0
PT DANANTARA ASSET MANAGEMENT (PERSERO),WIKA,90.11,7329472293612.0
UOB KAY HIAN PRIVATE LIMITED,WINE,7.25,34956708000.0
UBS AG SINGAPORE BRANCH,WINE,1.48,7146842400.0
MANOJ PITAMBER NANWANI,WINS,5.9,136964536280.0
PINKY NK,WINS,5.52,128130843880.0
CGS INTERNATIONAL SECURITIES SINGAPORE PTE LTD,WINS,4.58,106233215920.0
UNITED OVERSEAS BANK NOMINEES (PRIVATE) LIMITED,WINS,3.93,91214329960.0
UBS AG SINGAPORE BRANCH,WINS,2.4,55599199240.0
DBS BANK LTD.,WINS,1.6,37180005720.0
RUDY SUSANTO,WIRG,1.8,16340000000.0
PT PENDANAAN EFEK INDONESIA,WMPP,5.0,52917523200.0
PT MAYBANK SEKURITAS INDONESIA - REGISTRAR,WMPP,2.5,26476200000.0
"GADING DANALESTARI, PT",WMPP,1.25,13266000000.0
GOVERNMENT OF NORWAY,WMPP,1.14,12060000000.0
PT PENDANAAN EFEK INDONESIA,WMUU,7.4,58381995900.0
UBS AG SINGAPORE BRANCH,WOMF,1.58,16610000000.0
PT DWIMURIA INVESTAMA ANDALAN,WOOD,1.09,21043440000.0
PT DANANTARA ASSET MANAGEMENT (PERSERO),WSKT,74.6,4340692559656.0
DJS KETENAGAKERJAAN PROGRAM JAMINAN HARI TUA,WSKT,1.52,88165148866.0
DJS KETENAGAKERJAAN PROGRAM JAMINAN HARI TUA,WTON,2.8,20464869600.0
"PANIN SEKURITAS Tbk, PT",WTON,1.57,11490250800.0
PT TASPEN (PERSERO),WTON,1.38,10119345600.0
PT YULIE SEKURITAS INDONESIA TBK,YULE,11.08,672224880000.0
BANK OF SINGAPORE LIMITED,YULE,4.36,264474100000.0
"EFG BANK AG, SINGAPORE BRANCH A/C CLIENTS",YULE,2.8,169803820000.0
MAYBANK SECURITIES PTE. LTD.,YULE,2.57,156060000000.0
BOOM SECURITIES (H.K.) LIMITED,YULE,2.53,153680000000.0
PT MAYBANK SEKURITAS INDONESIA - REGISTRAR,ZBRA,15.42,19361190000.0
DBS BANK LTD.,ZBRA,4.66,5852540000.0
UBS SWITZERLAND AG,ZINC,3.62,25570589548.0
UOB KAY HIAN PRIVATE LIMITED,ZONE,4.82,13833996000.0
